"""Municˇpio"";""2023/Out"";""2023/Nov"";""2023/Dez"";""2024/Jan"";""2024/Fev"";""2024/Mar"";""2024/Abr"";""2024/Mai"";""2024/Jun"";""2024/Jul"";""2024/Ago"";""2024/Set"";""2024/Out"";""2024/Nov"";""2024/Dez"";""2025/Jan"";""2025/Fev"";""2025/Mar"";""2025/Abr"";""2025/Mai"";""2025/Jun"";""2025/Jul"";""2025/Ago"";""2025/Set"";""2025/Out"";""2025/Nov"";""2025/Dez"";""2026/Jan"";""Total"""
"""350010 ADAMANTINA"";-;-;-;1086;1088;1102;1505;1546;1354;1455;1484;1166;1288;1237;1290;1319;1426;1867;1741;1598;1463;1602;1492;2169;1674;1688;1541;1647;36828"
"""350090 ALTAIR"";-;-;-;-;-;-;-;-;5;4;-;-;5;7;6;3;3;-;1;-;1;3;-;-;-;-;-;-;38"
"""350115 ALUMINIO"";-;-;-;-;-;-;-;-;-;-;-;-;-;-;31;32;-;-;-;-;-;-;-;-;-;-;-;-;63"
"""350160 AMERICANA"";-;-;120;2513;2423;2414;2514;2576;3088;3380;3460;3331;3446;3297;3044;3185;3187;3118;3042;3065;3259;3536;3262;3125;3176;3051;2714;2661;75987"
"""350170 AMERICO BRASILIENSE"";-;-;-;898;809;821;1059;974;887;909;1098;925;957;729;701;838;800;676;814;1001;888;925;875;1017;1235;1131;624;297;21888"
"""350180 AMERICO DE CAMPOS"";-;-;-;-;-;-;-;-;-;-;-;-;-;-;1;-;-;-;-;-;-;-;-;-;-;-;-;-;1"
"""350190 AMPARO"";-;-;-;2073;2142;2290;2590;2542;2347;2516;2642;2692;2856;2677;2737;2752;2638;2862;2765;2960;2746;3091;2963;2876;2987;2969;3030;3190;67933"
"""350210 ANDRADINA"";-;-;-;375;102;541;491;544;552;460;521;522;636;626;631;531;556;588;714;705;845;891;738;1034;673;507;537;455;14775"
"""350250 APARECIDA"";-;-;-;-;-;-;-;-;-;-;-;-;72;-;-;504;596;693;788;831;764;627;834;732;915;860;855;850;9921"
"""350280 ARACATUBA"";-;1;37;1154202;1139286;1146239;1171160;1094917;1167490;1233583;1225542;1272195;1267560;1231426;1203221;1300697;1287204;1271644;1270756;1280871;1299401;1401006;1414723;1452953;1467138;1165218;1288735;1257597;31464802"
"""350300 ARAMINA"";-;-;-;1;54;25;17;32;29;-;21;-;3;44;22;23;-;-;-;12;5;14;10;17;21;-;41;21;412"
"""350320 ARARAQUARA"";-;64;222;1035092;997297;961115;997186;997638;989810;1031628;1004858;1029566;1037065;1020318;1211509;1246522;1234092;1247708;1324702;1353063;1387278;1355707;1375132;1355025;1401836;1329357;1247181;1214732;29385703"
"""350330 ARARAS"";-;-;-;2288;2150;2175;2334;2231;2404;2551;2435;2413;2598;2587;2667;2670;2635;3006;2843;2820;2595;2800;3026;3121;3247;3018;3097;3066;66777"
"""350340 AREALVA"";-;-;-;105;173;118;116;143;120;132;122;120;137;123;118;115;115;100;120;71;80;99;91;81;99;67;49;-;2614"
"""350390 ARUJA"";-;-;-;304;205;216;246;153;256;249;230;24;202;206;169;237;216;206;245;218;184;219;235;50;190;181;-;171;4812"
"""350400 ASSIS"";-;212;344;568198;588573;579078;593817;601029;621615;671167;706700;686458;713928;702803;689881;703347;721452;682898;710267;747947;756296;803239;819533;824834;843575;714984;689427;645713;17387315"
"""350410 ATIBAIA"";-;-;-;1762;1937;2043;2078;1846;1976;1879;2549;2246;2164;1810;1861;1937;2070;1968;2184;1760;2256;1115;1981;2453;2209;2400;2356;2465;51305"
"""350420 AURIFLAMA"";-;-;-;-;-;-;-;-;-;-;39;77;-;-;-;-;-;-;-;-;-;-;-;-;-;-;-;-;116"
"""350450 AVARE"";-;-;-;2843;2835;2926;3147;2792;2579;2697;2720;2609;3066;2820;3506;3387;2756;3791;3230;3515;3359;2903;3859;3408;3978;3778;3499;3242;79245"
"""350460 BADY BASSITT"";-;-;-;-;-;-;-;-;-;1;-;-;-;-;-;-;-;-;-;-;-;-;-;-;-;-;-;-;1"
"""350500 BARAO DE ANTONINA"";-;-;-;-;3;-;-;-;-;-;-;-;-;2;2;-;-;-;-;-;-;7;3;2;-;-;-;-;19"
"""350530 BARRA BONITA"";-;-;-;202;194;202;226;180;193;181;150;191;193;195;173;186;198;209;164;122;126;119;114;110;118;111;112;100;4069"
"""350550 BARRETOS"";-;-;12;873916;900782;898244;868233;892745;918143;948313;974814;935962;986614;1014324;959538;962889;1030576;1024817;1032979;1034585;1082371;1090053;1030532;1032791;1008100;886223;910096;1007289;24304941"
"""350570 BARUERI"";-;-;-;8550;8480;8897;8814;9786;11464;10481;10232;8756;9037;7971;7385;7781;7372;8779;8649;10139;9761;10435;11025;10874;11228;10844;10460;9840;237040"
"""350580 BASTOS"";-;-;-;-;-;-;-;-;-;-;-;-;-;-;-;-;-;-;-;-;-;-;-;-;3;3;3;-;9"
"""350590 BATATAIS"";-;-;-;1733;1649;1900;1819;1872;1852;1954;1913;1734;1992;1960;1971;1925;1760;1911;1949;2065;1955;2208;2142;2147;2186;1923;2103;2053;48676"
"""350600 BAURU"";-;1;402;1500716;1477201;1482916;1559794;1518400;1530641;1636482;1646158;1642348;1738598;1659766;1693528;1783430;1738891;1721725;1738451;1764664;1786261;1859449;1861910;1955307;1961428;1437594;1732637;1806661;42235359"
"""350610 BEBEDOURO"";-;-;-;2476;2547;2522;2940;3234;3140;3406;3393;3006;3203;2984;2867;3075;2994;2141;4815;3253;3113;3756;3574;3588;3751;3386;3179;3669;80012"
"""350635 BERTIOGA"";-;-;7;355;347;298;350;356;327;318;306;6;7;394;444;425;436;429;556;516;641;525;770;595;630;830;1388;272;11528"
"""350650 BIRIGUI"";-;-;-;670;682;860;709;748;729;799;885;1033;1185;741;739;719;613;784;736;871;849;921;763;631;683;665;743;888;19646"
"""350660 BIRITIBA MIRIM"";-;-;-;-;-;-;-;-;-;-;-;-;-;-;-;-;-;-;-;-;-;-;-;-;2;-;-;-;2"
"""350700 BOITUVA"";-;-;-;38;124;114;296;10;68;39;25;-;22;-;2;-;3;-;58;60;-;560;648;529;399;395;416;411;4217"
"""350720 BORA"";-;-;-;2;-;-;-;4;3;9;-;-;-;-;-;-;-;-;-;-;-;-;-;-;-;-;-;-;18"
"""350740 BORBOREMA"";-;-;-;6;1;7;32;16;6;4;24;10;15;38;6;8;-;3;5;5;-;7;4;4;4;20;28;9;262"
"""350750 BOTUCATU"";-;94;1145;1224539;1177782;1192882;1229443;1195494;1219151;1321096;1072293;1318740;1381016;1343791;1200880;1405214;1419906;1372266;1420110;1448265;1428702;1472537;1519910;1301824;1224112;1025021;1325919;1300646;32542778"
"""350760 BRAGANCA PAULISTA"";-;24;83;5201;5506;6345;6450;6874;6740;6651;7353;8058;7347;6483;7663;6585;6605;7566;6849;6886;6569;7081;7252;7903;8288;7678;7882;7673;175595"
"""350810 BURITAMA"";-;-;-;64;162;165;129;166;110;84;8;28;14;12;-;6;2;10;5;-;4;10;-;22;26;14;22;-;1063"
"""350840 CABREUVA"";-;-;-;75;208;189;57;200;204;141;240;242;224;315;34;97;129;151;277;205;1;166;129;163;142;163;320;68;4140"
"""350850 CACAPAVA"";-;-;-;129;52;148;96;138;1583;187;311;469;322;318;200;255;254;434;324;379;339;327;452;326;384;359;474;-;8260"
"""350880 CAFELANDIA"";-;-;-;25;-;-;31;-;29;-;-;18;19;15;-;-;20;12;20;13;18;20;19;19;19;-;-;-;297"
"""350920 CAJAMAR"";-;-;-;88;-;241;265;255;263;248;335;275;346;283;243;242;205;289;223;574;510;620;1770;1581;1697;1160;1175;1173;14061"
"""350940 CAJURU"";-;-;-;7;119;79;56;70;58;79;81;74;71;116;99;76;59;111;69;75;116;85;61;81;111;115;102;123;2093"
"""350950 CAMPINAS"";134;6767;10246;3569906;3564576;3600630;3588919;3588856;3631062;3721635;3590419;3798350;3923859;3768828;3737925;3989769;3973919;3824767;3799301;3880574;3869010;3925222;4029916;4122836;4208751;3434254;3708747;3844004;94713182"
"""350960 CAMPO LIMPO PAULISTA"";-;-;-;2755;2687;2702;2672;2795;2589;2830;2905;2887;3086;3075;3206;3137;2961;3122;3114;3316;2633;3112;3072;3492;3603;3523;3399;3167;75840"
"""350970 CAMPOS DO JORDAO"";-;-;-;90;86;87;86;86;85;88;87;81;86;86;87;93;85;86;86;85;91;90;98;104;178;165;200;281;2677"
"""351000 CANDIDO MOTA"";-;-;-;15;11;83;-;-;-;-;-;-;-;-;-;-;-;-;190;231;211;172;148;166;138;119;84;-;1568"
"""351020 CAPAO BONITO"";-;-;-;-;-;-;-;15;46;116;264;209;176;163;261;189;200;275;250;219;260;429;240;425;491;438;503;359;5528"
"""351040 CAPIVARI"";-;-;-;189;261;391;324;357;200;358;348;300;377;321;351;346;327;403;450;373;328;568;453;507;536;322;251;228;8869"
"""351050 CARAGUATATUBA"";-;-;149;5668;5530;5838;6190;6750;6481;6948;7360;7117;7619;6725;6532;7320;6642;6598;6883;7177;6612;6875;6911;6915;6999;6060;6663;6024;166586"
"""351060 CARAPICUIBA"";-;-;3;2625;2206;2450;3046;2532;2328;2658;2754;3094;3136;2862;3237;3100;2994;2069;1525;1753;2389;2627;1515;1548;1588;1499;1298;2216;59052"
"""351070 CARDOSO"";-;-;-;53;62;50;97;73;70;112;115;187;152;50;481;482;433;414;496;486;250;187;272;277;257;252;200;221;5729"
"""351080 CASA BRANCA"";-;-;-;41;45;44;41;43;44;44;89;92;95;95;141;40;8;-;-;8;164;59;70;61;46;-;72;47;1389"
"""351100 CASTILHO"";-;-;-;-;-;-;-;-;-;-;-;-;-;-;-;-;-;-;-;-;-;-;-;-;-;29;-;-;29"
"""351110 CATANDUVA"";-;-;-;4827;4643;4837;5095;4958;4964;5041;5282;5094;5122;5036;6095;4835;4905;5421;5380;6279;5833;6198;6180;6707;6522;5896;5597;6138;136885"
"""351130 CEDRAL"";-;-;-;-;-;-;-;-;-;-;-;-;-;-;-;1;-;-;-;-;1;1;1;2;-;1;-;-;7"
"""351140 CERQUEIRA CESAR"";-;-;-;-;-;-;-;-;1;-;-;-;-;-;-;-;-;-;-;-;-;-;-;-;-;-;-;-;1"
"""351150 CERQUILHO"";-;-;-;71;34;110;58;62;62;77;45;35;44;31;26;132;199;177;244;324;348;237;277;289;153;156;456;420;4067"
"""351160 CESARIO LANGE"";-;-;-;16;32;41;47;41;44;49;55;52;81;-;20;42;48;47;18;96;38;40;55;57;62;52;21;80;1134"
"""351170 CHARQUEADA"";-;-;-;3;28;22;3;8;11;-;-;2;-;1;1;-;-;1;-;1;-;-;-;1;125;66;7;22;302"
"""351200 COLINA"";-;-;-;4;17;9;44;79;55;66;123;107;108;78;43;134;90;96;160;158;181;189;198;260;203;187;230;296;3115"
"""351220 CONCHAL"";-;-;-;206;221;276;294;233;254;240;214;262;294;14;8;-;54;47;305;233;229;197;185;314;319;300;273;309;5281"
"""351240 CORDEIROPOLIS"";-;-;-;-;-;-;-;-;-;-;-;-;-;-;-;-;-;-;-;14;5;11;-;16;18;11;-;-;75"
"""351270 CORUMBATAI"";-;-;-;-;20;15;29;23;31;11;12;19;10;21;3;7;11;7;9;14;11;6;3;5;5;-;1;-;273"
"""351280 COSMOPOLIS"";-;-;-;95;104;159;200;207;232;78;62;45;75;57;89;87;76;79;91;139;47;74;130;90;121;111;130;103;2681"
"""351300 COTIA"";-;-;-;528;472;509;640;648;678;578;568;690;572;654;598;502;512;556;500;471;464;472;479;496;422;478;451;385;13323"
"""351340 CRUZEIRO"";-;-;-;840;847;971;1737;1890;1597;1705;1641;1835;1895;1784;1791;1501;1723;1764;1829;1799;1783;1680;1685;1759;1696;1750;2252;2024;41778"
"""351350 CUBATAO"";-;-;-;668;915;1164;1455;1572;1311;1766;1681;1450;1880;1427;1910;1529;1525;1848;1936;1742;1566;1315;1743;1757;1954;1318;2194;1743;39369"
"""351380 DIADEMA"";-;20;308;5458;4706;4872;5692;5540;5572;6014;4933;4507;4940;4441;9482;64769;114800;171793;211658;253528;278858;291967;287651;289898;300994;182861;216993;272235;3004490"
"""351390 DIVINOLANDIA"";-;-;1;472;499;573;615;679;616;658;787;627;771;638;409;628;616;671;736;804;712;728;550;681;859;786;513;850;16479"
"""351440 DRACENA"";1;41;319;2198;2035;2581;2200;2175;2069;2125;2337;1909;2239;1639;1946;1898;1963;1923;1927;2090;2105;2201;2041;2052;2113;1630;2101;1901;51759"
"""351490 ELIAS FAUSTO"";-;-;-;-;1;-;21;-;-;-;-;-;-;-;-;-;-;-;-;-;-;-;-;-;-;-;-;-;22"
"""351495 EMBAUBA"";-;-;-;-;-;-;-;-;-;-;-;-;-;-;-;-;-;-;-;8;-;-;-;-;-;-;-;-;8"
"""351500 EMBU DAS ARTES"";-;-;-;2994;2951;2468;2442;2555;2334;2539;2491;2979;2766;2753;2843;2912;2749;3076;2945;2868;2774;2966;2827;2907;3023;2781;3041;2854;69838"
"""351512 EMILIANOPOLIS"";-;-;-;-;-;-;-;-;-;-;-;-;-;-;-;-;-;-;-;-;-;-;-;-;-;-;-;5;5"
"""351518 ESPIRITO SANTO DO PINHAL"";-;-;-;121;125;144;116;109;122;130;197;208;230;161;214;181;128;145;177;209;225;191;221;172;188;167;230;185;4296"
"""351540 FARTURA"";-;-;-;-;-;-;-;-;-;-;-;-;-;-;-;-;-;-;-;-;-;-;-;-;-;20;20;-;40"
"""351550 FERNANDOPOLIS"";-;-;14;3172;3092;3399;3638;3671;3340;3677;3622;3509;3608;3596;3383;3709;3306;3485;3407;3696;3611;3666;3682;3619;3393;3263;3441;3395;87394"
"""351570 FERRAZ DE VASCONCELOS"";-;-;-;-;-;1;6;185;665;539;432;407;371;194;240;300;617;-;-;177;145;155;155;-;195;101;68;53;5006"
"""351620 FRANCA"";-;1;61;980732;978983;961060;1053178;972340;978714;1080504;1063159;1066539;1111176;1005306;1037493;1160179;1185495;1163317;1163686;1178583;1166090;1220997;1201684;1232828;1272744;1045296;1085873;1180461;27546479"
"""351630 FRANCISCO MORATO"";-;-;131;2862;3027;2899;2869;3052;2794;2938;2936;2756;3329;3014;3253;3319;2838;3234;3112;3079;2922;3091;3033;2970;3059;2881;3329;2650;75377"
"""351640 FRANCO DA ROCHA"";-;-;31;342478;333303;339305;361675;353182;365777;380002;376031;384338;402894;367930;361409;384363;370845;410040;392651;426751;409962;398820;392848;395569;394551;366051;365748;401835;9478389"
"""351670 GARCA"";-;-;-;302;249;268;319;353;365;414;355;436;374;188;387;357;258;331;345;281;303;302;326;292;305;292;294;333;8029"
"""351740 GUAIRA"";-;-;-;438;384;395;465;531;399;549;445;514;550;498;547;425;621;517;549;721;628;616;775;682;670;685;892;507;14003"
"""351770 GUARA"";-;-;-;-;-;-;-;-;-;-;-;-;-;-;1;46;118;63;80;-;-;-;15;105;99;88;97;99;811"
"""351790 GUARACI"";-;-;-;26;27;23;22;23;18;17;20;23;25;24;13;9;13;9;10;23;17;30;13;13;17;11;6;10;442"
"""351840 GUARATINGUETA"";-;-;-;2720;2543;1982;2742;3123;2882;3112;3130;3098;3211;3236;3123;3172;3044;3266;3337;3460;3185;3333;3189;3415;2869;2604;3190;3152;76118"
"""351860 GUARIBA"";-;-;-;27;261;122;159;74;53;67;65;123;106;288;40;5;44;125;212;164;187;263;289;306;344;274;117;166;3881"
"""351870 GUARUJA"";-;-;-;4023;4024;4178;4318;4337;4455;4501;4508;4442;4887;4629;4412;4636;4553;4504;4702;4985;4811;5561;4951;4999;5297;4961;5217;5189;117080"
"""351880 GUARULHOS"";-;185;1110;752086;732570;738942;772310;716605;770226;835063;742222;833629;883653;816567;777866;870178;842756;846763;827040;816737;839008;859191;833344;865831;862321;684368;685494;816383;20022448"
"""351900 HERCULANDIA"";-;-;-;-;-;-;4;4;4;2;3;4;4;-;4;4;3;4;-;-;-;4;4;4;-;4;4;-;60"
"""351907 HORTOLANDIA"";-;319;181;3272;3092;3467;3402;3613;3062;3436;3367;3387;3487;3290;3369;3252;3255;3522;3562;3939;3463;3751;3778;3857;3815;3526;3810;3712;87986"
"""351930 IBATE"";-;-;-;-;-;3;-;-;-;-;-;147;104;-;-;-;-;-;-;-;-;-;-;-;2;131;295;388;1070"
"""351960 IBITINGA"";-;-;-;149;132;128;134;160;129;96;142;126;147;192;151;109;154;147;177;77;151;147;140;135;136;70;98;154;3381"
"""352010 IGARAPAVA"";-;-;1;330;238;174;313;295;255;293;284;380;442;357;279;325;333;315;356;240;266;223;250;251;171;246;339;150;7106"
"""352040 ILHABELA"";-;-;-;906;894;740;887;837;937;970;914;778;861;810;885;824;716;758;661;722;660;622;580;631;754;690;728;-;18765"
"""352044 ILHA SOLTEIRA"";-;-;-;1533;1371;1601;1200;1224;1058;1359;1500;1295;1363;1281;1599;1400;1267;1565;1385;1484;1318;1661;1497;1358;1591;1227;1118;1623;34878"
"""352050 INDAIATUBA"";-;-;-;3113;3285;3469;3760;4057;4068;4477;4585;5186;5158;4196;3875;3615;3628;4491;4739;4956;4364;4034;3926;4365;4562;4552;4700;4613;105774"
"""352090 IPAUSSU"";-;-;-;-;-;-;-;-;-;-;-;-;-;-;-;-;-;-;-;-;-;-;-;-;21;9;1;-;31"
"""352180 ITAI"";-;-;-;-;-;-;-;-;-;-;-;-;-;-;-;-;-;-;-;-;-;-;-;-;-;-;4;1;5"
"""352210 ITANHAEM"";-;-;-;133;143;135;174;173;127;146;146;111;125;134;141;126;147;136;149;187;140;140;147;120;187;137;126;164;3594"
"""352220 ITAPECERICA DA SERRA"";-;-;401;3797;3737;3713;3683;3786;3645;3996;3997;3693;4029;3693;3907;3883;3541;3698;3760;3799;3790;4047;4069;3931;4130;3673;3681;3390;95469"
"""352230 ITAPETININGA"";-;-;-;4655;4285;5284;4926;5003;4848;4849;4845;4344;4752;5025;3887;5280;4416;4954;5186;4267;4947;5839;5015;5042;5039;5156;5356;5407;122607"
"""352240 ITAPEVA"";-;-;-;3987;3920;3915;3989;4313;4077;4054;3858;3951;4481;4175;4059;4411;4034;4056;4223;4520;4604;4752;4667;4808;5133;4843;4868;5117;108815"
"""352250 ITAPEVI"";-;-;47;2072;2464;2436;2403;2354;2079;2392;2308;2163;2298;1933;2607;2080;2112;932;1418;1409;1280;1017;1181;1540;1342;1333;1420;1029;45649"
"""352260 ITAPIRA"";-;-;-;566;559;566;548;488;468;372;494;591;566;514;507;452;380;477;467;457;352;466;459;492;541;338;403;411;11934"
"""352270 ITAPOLIS"";-;-;1;266;236;303;366;434;450;429;426;324;363;279;355;455;415;387;464;416;412;480;498;489;446;403;363;332;9792"
"""352310 ITAQUAQUECETUBA"";-;-;-;1244;1313;1391;1242;1418;1572;1446;1286;2601;1285;2977;3152;2739;2914;4510;3110;3315;3069;2976;3153;2993;3116;3016;3101;2918;61857"
"""352320 ITARARE"";-;-;-;97;95;30;21;100;88;109;142;156;128;114;127;129;124;108;71;119;132;124;116;149;118;130;116;105;2748"
"""352340 ITATIBA"";-;-;-;1229;1340;1752;1881;2040;1845;1716;2048;1494;1716;1529;1255;1264;1753;1833;2164;2251;1298;1593;1651;2036;2008;1928;2071;1883;43578"
"""352380 ITOBI"";-;-;-;-;-;-;-;-;-;-;-;-;-;-;-;-;-;-;-;-;-;2;-;-;-;-;-;-;2"
"""352390 ITU"";-;-;-;4905;5092;6051;5643;4171;6324;5797;5049;5824;6241;5860;6383;5036;4775;6655;6545;6955;6146;5778;5871;6104;6511;6231;6603;5918;146468"
"""352400 ITUPEVA"";-;-;-;572;440;583;385;749;731;762;739;796;675;728;486;332;547;1037;588;597;634;581;616;646;588;666;677;781;15936"
"""352410 ITUVERAVA"";-;-;-;2643;2335;2561;2510;2478;2474;2618;2771;2713;3050;2750;2709;2610;2396;2586;2260;2685;2782;2937;2782;2873;2820;2641;2867;2663;66514"
"""352430 JABOTICABAL"";-;-;-;1935;1943;1997;2009;2112;1893;2058;2096;2010;2250;2048;2087;1966;1923;2011;2028;2054;2050;2160;2112;2044;2233;2050;2252;2180;51501"
"""352440 JACAREI"";-;-;-;3340;3270;3420;3398;3510;3310;3328;3517;3499;3822;3841;3642;3472;3385;3453;3449;3639;3341;3641;3749;3751;3867;3677;3788;3905;89014"
"""352470 JAGUARIUNA"";-;-;-;704;908;884;943;996;913;927;950;763;606;691;382;772;547;126;403;879;792;741;832;815;811;602;832;731;18550"
"""352480 JALES"";-;-;-;4631;4263;4301;4678;4520;4492;5054;4639;4637;4921;4923;4619;4772;4601;4795;4943;5363;5122;5199;5004;5462;5291;4852;4941;5056;121079"
"""352510 JARDINOPOLIS"";-;-;-;-;-;-;-;-;-;-;-;53;62;41;49;3;11;12;-;-;-;-;-;-;-;-;-;-;231"
"""352530 JAU"";136;564;512;13356;12386;13070;13566;13773;13431;14235;14248;13909;15425;14353;14618;15291;14485;14874;15445;15052;14904;15742;15276;15733;15874;13762;11085;8761;353866"
"""352570 JOSE BONIFACIO"";-;-;-;78;74;89;85;60;111;109;98;99;117;101;131;155;249;200;246;243;245;277;259;271;385;345;299;289;4615"
"""352590 JUNDIAI"";-;616;1007;10398;9848;10662;11101;11158;10458;10607;10625;10867;11357;10167;10354;10760;10726;11154;11219;11136;11035;11631;11885;12083;12208;11049;10718;11219;276048"
"""352600 JUNQUEIROPOLIS"";-;-;-;-;7;10;5;10;7;7;7;11;8;7;5;3;13;13;4;12;19;13;12;21;22;15;14;19;264"
"""352640 LARANJAL PAULISTA"";-;-;-;-;1;7;-;-;-;1;-;-;-;-;-;-;1;1;-;-;-;-;1;-;57;288;219;265;841"
"""352670 LEME"";-;-;-;1752;1905;1943;1999;2501;2053;2320;2207;2040;2288;2152;2278;2106;1718;2082;2054;2124;2084;2184;2083;2013;2201;2051;2309;2228;52675"
"""352680 LENCOIS PAULISTA"";-;-;-;349;362;317;379;421;256;277;829;479;488;595;527;586;428;495;579;592;578;507;648;714;359;478;662;536;12441"
"""352690 LIMEIRA"";-;-;-;5671;5172;5730;5821;5610;5588;6147;5807;5160;6406;5548;5590;5573;5602;5661;5439;5526;5826;5803;6367;6891;6749;5882;6398;6197;146164"
"""352710 LINS"";-;-;-;166;180;132;123;119;127;128;124;142;328;168;232;279;318;351;186;145;125;169;166;148;191;253;188;73;4561"
"""352720 LORENA"";-;-;11;1344;1491;1721;1725;1477;1615;1645;1624;1613;1590;1416;1433;1735;1496;704;1468;1580;1594;1563;1615;1614;1278;1417;1495;1526;37790"
"""352730 LOUVEIRA"";-;-;-;385;549;524;658;506;659;539;577;756;608;508;383;403;573;440;181;149;464;604;516;480;460;442;448;351;12163"
"""352760 LUIS ANTONIO"";-;-;-;-;-;-;-;-;-;-;-;-;-;-;-;-;-;-;-;-;1;3;-;-;-;-;-;-;4"
"""352800 MACATUBA"";-;-;-;-;10;-;-;-;-;-;-;-;-;-;-;-;-;-;-;-;-;-;-;-;-;-;-;-;10"
"""352850 MAIRIPORA"";-;-;-;357;308;330;359;263;288;372;394;394;329;398;271;320;318;508;425;420;292;344;566;634;588;562;584;538;10162"
"""352860 MANDURI"";-;-;12;-;-;-;-;-;-;-;-;20;17;17;15;15;16;15;-;13;-;-;-;7;-;-;-;-;147"
"""352880 MARACAI"";-;-;-;-;-;-;-;49;40;44;34;-;90;75;-;-;35;39;-;-;-;-;-;-;-;-;-;-;406"
"""352900 MARILIA"";-;30;482;879673;870801;881475;874798;848576;833406;721283;599253;636828;819854;765682;889576;840981;778935;751037;919350;936518;1028510;1035925;1109087;1163635;1172050;943118;1060264;1108069;22469196"
"""352930 MATAO"";-;-;-;2192;2179;2151;2302;2319;2238;2375;2455;2320;2459;2426;2464;2430;2401;2541;2642;2764;2539;2831;2753;2760;2798;2462;2533;2530;61864"
"""352940 MAUA"";-;-;324;1132;1120;1266;1072;986;1031;1054;1076;584;1305;1373;1757;1659;1407;1475;1920;1481;1130;1468;2056;2104;2650;2628;2794;1526;38378"
"""352970 MIGUELOPOLIS"";-;-;-;-;-;-;-;-;-;-;-;-;-;-;-;-;-;-;-;-;-;-;-;-;-;-;9;8;17"
"""353010 MIRANDOPOLIS"";-;-;-;784;-;1063;944;931;719;785;719;727;812;810;760;939;792;773;825;817;830;1066;883;1090;1704;982;1050;1115;21920"
"""353050 MOCOCA"";-;-;-;142;150;116;148;166;189;157;152;196;235;172;209;160;155;155;211;159;207;92;107;128;190;142;126;138;4002"
"""353060 MOGI DAS CRUZES"";-;33;896;757798;741862;739703;757121;726983;754063;804178;749753;801195;840257;829367;755095;832886;834735;805283;830382;837645;819879;867693;875386;899967;924771;752587;689507;834337;20063362"
"""353070 MOGI GUACU"";-;-;-;1386;1164;1068;1509;1517;1508;1434;1596;1791;1805;1766;1539;1864;1832;1861;1887;1940;1552;1713;1688;1846;1809;1731;39;28;37873"
"""353080 MOGI MIRIM"";-;-;15;2631;2527;2680;2174;2322;2200;2348;2324;2242;2349;2375;2507;2568;2265;2416;2418;2513;2409;2599;2427;2564;2777;2432;2667;2426;61175"
"""353110 MONGAGUA"";-;-;-;172;198;268;225;287;220;187;280;246;281;291;270;252;250;279;244;230;483;301;289;283;548;293;273;305;6955"
"""353130 MONTE ALTO"";-;-;-;271;291;291;454;430;360;275;373;325;405;254;380;397;326;400;341;307;364;380;410;394;403;401;387;396;9015"
"""353140 MONTE APRAZIVEL"";-;-;-;-;-;-;-;-;-;-;-;-;-;-;-;-;-;34;40;41;42;45;45;43;42;45;44;45;466"
"""353150 MONTE AZUL PAULISTA"";-;-;-;1;-;-;-;-;-;81;193;44;42;89;143;21;60;60;70;116;64;492;255;265;127;361;223;520;3227"
"""353180 MONTE MOR"";-;-;-;15;186;320;42;44;36;12;4;8;2;-;2;24;188;131;170;152;40;-;-;-;-;1;-;-;1377"
"""353190 MORRO AGUDO"";-;-;-;108;80;28;25;68;294;193;345;141;145;142;83;92;133;176;214;211;185;242;208;195;304;242;166;146;4166"
"""353200 MORUNGABA"";-;-;-;-;-;-;-;-;-;9;5;-;8;3;-;-;5;1;5;3;7;3;-;6;6;5;-;4;70"
"""353270 NIPOA"";-;-;-;1;-;-;-;-;-;-;-;-;-;-;2;2;-;-;-;-;-;-;-;-;-;-;-;-;5"
"""353340 NOVA ODESSA"";-;-;-;182;90;235;213;6;282;249;71;181;183;-;77;216;121;69;30;-;-;227;126;137;385;200;257;45;3582"
"""353350 NOVO HORIZONTE"";-;-;-;287;279;290;235;238;230;243;182;251;250;256;282;262;257;278;354;258;299;266;270;274;244;248;273;324;6630"
"""353380 OLEO"";-;-;-;-;-;-;-;-;-;-;-;-;-;-;-;-;-;1;-;-;-;-;-;-;1;-;-;-;2"
"""353390 OLIMPIA"";-;-;-;908;898;971;1004;941;907;927;978;1006;1011;1029;1185;1094;1047;1048;1049;491;1017;1183;1227;1215;1033;873;1006;945;24993"
"""353410 ORIENTE"";-;-;-;-;-;-;-;-;-;-;-;-;-;-;-;-;-;-;-;-;-;-;-;-;-;4;-;-;4"
"""353430 ORLANDIA"";-;-;-;33;53;32;29;35;34;34;32;34;33;30;37;34;33;23;30;33;31;30;29;-;92;63;53;64;931"
"""353440 OSASCO"";-;15;577;2066698;2129538;2057516;2103566;2157586;2143119;2195541;2304615;2162102;2229849;2288110;2222955;2302791;2269723;2274800;2201079;2189852;2247260;2274139;2297645;2317249;2338876;2382061;2264273;2260466;55682001"
"""353460 OSVALDO CRUZ"";-;-;-;22;22;21;21;20;23;19;20;26;20;39;33;19;23;22;23;24;21;24;22;21;21;19;18;21;564"
"""353470 OURINHOS"";-;-;-;3720;3426;3188;3484;3866;3701;3724;4575;3742;4071;4209;3947;3874;3823;3756;3810;3862;4009;4113;4264;4148;4407;4121;4404;4155;98399"
"""353520 PALMEIRA D'OESTE"";-;-;-;8;30;16;75;41;73;71;74;43;83;123;73;111;216;92;120;66;52;82;86;37;12;21;19;54;1678"
"""353530 PALMITAL"";-;-;-;33;-;183;145;153;92;88;125;216;187;129;17;68;93;84;121;126;151;94;198;184;161;152;131;105;3036"
"""353550 PARAGUACU PAULISTA"";-;-;-;24;28;29;28;16;20;20;-;48;81;106;100;89;24;38;28;48;20;32;12;43;16;31;-;13;894"
"""353620 PARIQUERA-ACU"";-;-;-;3557;3495;3931;3731;3831;3644;4213;4020;3902;4075;3958;3789;4003;3597;3907;3812;3880;3713;3513;3917;4049;4279;4088;4103;4183;97190"
"""353630 PATROCINIO PAULISTA"";-;-;-;-;-;-;84;85;86;80;35;40;-;-;-;-;-;79;-;-;-;154;189;-;-;-;-;-;832"
"""353650 PAULINIA"";-;-;1;124;150;333;81;360;295;151;261;414;233;87;126;190;406;595;576;665;562;445;452;82;-;-;-;-;6589"
"""353670 PEDERNEIRAS"";-;-;-;294;255;235;249;250;251;262;279;245;242;237;229;249;252;169;194;203;198;240;203;234;132;218;147;193;5660"
"""353710 PEDREIRA"";-;-;5;5;4;12;19;23;254;188;265;371;177;362;443;508;489;471;345;392;372;469;451;200;308;272;373;368;7146"
"""353730 PENAPOLIS"";-;-;-;206;189;285;327;356;354;419;409;401;359;334;266;212;244;305;313;384;308;336;352;372;1;274;319;337;7662"
"""353760 PERUIBE"";-;-;-;-;-;-;-;-;-;-;-;-;-;-;-;-;-;-;-;-;-;-;-;1;-;-;-;-;1"
"""353780 PIEDADE"";-;-;-;-;-;-;-;-;-;-;-;-;-;-;-;110;129;110;141;135;138;150;150;-;-;116;95;76;1350"
"""353800 PINDAMONHANGABA"";-;-;-;3191;2813;3041;2995;3069;2948;3075;2991;2900;3098;3037;2924;2947;2756;3056;3039;3076;2831;3124;2991;3079;3161;2928;3196;3168;75434"
"""353870 PIRACICABA"";-;1;191;1821734;1954967;1858534;1883391;1879888;1948048;1987898;1919967;2034859;2175637;2197463;1987077;2225788;2217455;2176639;2222321;2231444;2296064;2261928;2292437;2345246;2388839;2013182;2165564;2200032;52686594"
"""353880 PIRAJU"";-;-;-;12;17;6;9;-;9;-;10;10;14;10;-;9;10;6;-;15;8;14;12;10;22;16;-;-;219"
"""353900 PIRANGI"";-;-;-;-;-;-;-;288;-;154;-;-;73;36;37;34;33;420;33;223;212;399;33;408;33;299;431;56;3202"
"""353930 PIRASSUNUNGA"";-;-;-;1719;1757;1869;1871;1736;1755;1893;2005;2104;2227;2174;1780;1897;1920;1871;2474;2797;2293;2694;2739;2758;2883;2616;2476;2368;54676"
"""353940 PIRATININGA"";-;-;-;-;-;-;-;-;-;-;-;-;-;-;-;-;-;-;-;-;-;-;-;-;-;1;-;-;1"
"""353950 PITANGUEIRAS"";-;1;68;59;267;120;179;694;228;66;445;56;57;39;69;40;70;92;113;104;99;183;200;93;84;84;94;53;3657"
"""354000 POMPEIA"";-;-;-;39;35;70;121;85;151;119;144;126;104;108;77;93;82;197;109;126;224;213;213;183;206;113;169;134;3241"
"""354020 PONTAL"";-;-;-;21;12;12;40;4;18;20;-;13;4;-;-;2;5;1;-;7;-;-;1;2;5;3;-;3;173"
"""354060 PORTO FELIZ"";-;-;-;699;572;636;738;828;697;201;770;185;396;727;683;369;644;458;523;1018;770;890;898;853;978;956;990;1079;17558"
"""354070 PORTO FERREIRA"";-;-;-;1;-;-;-;-;-;7;-;-;11;-;-;-;16;-;-;-;-;-;-;-;-;-;-;-;35"
"""354090 PRADOPOLIS"";-;-;-;-;-;-;-;-;-;-;38;-;54;-;-;-;-;-;1;-;-;-;-;-;-;-;-;-;93"
"""354100 PRAIA GRANDE"";-;-;6;6370;6076;6820;5782;5779;5392;5519;5450;5479;5628;5377;6318;5983;5302;5891;7534;5749;7315;5426;5926;3727;7535;7130;5925;3589;147028"
"""354120 PRESIDENTE BERNARDES"";-;-;-;-;-;-;-;-;-;-;-;-;22;-;19;8;15;13;-;10;19;10;11;8;8;11;18;22;194"
"""354130 PRESIDENTE EPITACIO"";-;-;-;1111;1040;914;866;987;915;990;1054;937;1029;1036;1068;1065;929;940;989;975;1010;1094;1053;1098;1126;1023;1139;1109;25497"
"""354140 PRESIDENTE PRUDENTE"";-;-;92;1109958;1123215;1120693;1205184;1136684;1203564;1283000;1285042;1363518;1340088;1397700;1287424;1362163;1415800;1417649;1401617;1423928;1460236;1457048;1494329;1538520;1549730;1326457;1445314;1437948;33586901"
"""354150 PRESIDENTE VENCESLAU"";-;-;-;85;87;125;109;115;95;86;109;167;164;142;1;60;63;96;105;124;129;139;113;122;164;155;175;213;2943"
"""354160 PROMISSAO"";-;-;-;2114;1982;2069;2164;2095;2042;2103;2262;2142;2198;1964;1913;2227;1664;1610;1859;2132;2030;2258;2261;2086;2267;2109;2244;2437;52232"
"""354165 QUADRA"";-;-;-;-;-;-;-;-;-;-;17;17;15;22;10;15;23;13;10;35;19;21;40;27;6;11;3;30;334"
"""354220 RANCHARIA"";-;-;12;60;118;111;90;94;123;75;73;59;18;555;566;525;512;471;513;485;522;575;583;606;660;664;997;703;9770"
"""354240 REGENTE FEIJO"";-;-;-;-;-;-;-;-;-;-;-;-;-;-;-;-;-;-;-;-;-;-;-;-;-;-;189;-;189"
"""354260 REGISTRO"";-;6356;4937;164646;207528;216173;191729;163205;178309;187929;185045;195660;201107;210562;180800;194528;186141;185868;184522;196107;193520;152054;150186;158658;160449;130485;122006;150152;4458662"
"""354280 RIBEIRA"";-;-;-;-;-;-;-;-;-;-;-;-;-;-;-;-;-;-;-;-;-;-;-;-;-;-;2;2;4"
"""354320 RIBEIRAO DO SUL"";-;-;-;-;-;-;-;-;-;-;-;-;-;-;-;-;-;-;-;-;-;-;-;-;-;1;2;-;3"
"""354330 RIBEIRAO PIRES"";-;-;-;2233;3672;3464;3856;3990;4033;3999;3904;4247;4720;4081;3834;3944;4010;4393;4559;4397;4608;4711;4523;4484;4510;4619;4336;4278;103405"
"""354340 RIBEIRAO PRETO"";820;2961;5302;1961539;1941808;1991221;1919720;1866547;2113326;2223493;2000805;2244395;2313847;2194558;2041647;2341295;2386737;2279975;2272406;2311614;2343704;2423198;2458299;2485490;2520960;1954791;2070879;2160064;54831401"
"""354390 RIO CLARO"";-;1;1;3794;3525;3592;3731;2901;3914;3795;3318;2887;3272;2875;3406;3154;2581;3437;3283;2841;2619;3181;3196;3463;3609;2698;2927;4426;82427"
"""354410 RIO GRANDE DA SERRA"";-;-;-;9;48;18;20;-;-;-;-;-;-;-;-;-;-;-;-;-;-;-;-;-;-;-;-;-;95"
"""354490 SALES OLIVEIRA"";-;-;-;-;-;-;-;-;-;-;-;-;-;-;-;-;-;-;-;18;43;-;14;-;-;-;-;-;75"
"""354515 SALTINHO"";-;-;-;19;44;15;44;10;9;19;9;5;14;7;3;48;22;9;25;19;18;17;13;13;17;20;10;-;429"
"""354520 SALTO"";-;-;-;390;376;373;425;434;602;463;443;359;451;366;379;430;433;557;652;848;619;581;1206;1360;1477;1486;1465;1498;17673"
"""354540 SALTO GRANDE"";-;-;-;-;-;-;-;-;-;-;-;-;-;-;-;5;-;-;-;-;-;-;-;-;-;1;1;-;7"
"""354560 SANTA ADELIA"";-;-;-;-;-;-;-;-;-;-;-;-;-;-;4;-;8;-;-;-;-;-;-;-;-;-;-;-;12"
"""354580 SANTA BARBARA D'OESTE"";-;-;-;2420;2488;2465;2519;2853;2514;2643;2581;2610;2602;2415;2446;2066;2428;2658;2691;2792;2829;2812;2659;2767;2776;2437;2422;2412;64305"
"""354620 SANTA CRUZ DA CONCEICAO"";-;-;-;39;30;28;24;14;9;20;20;30;27;35;1;16;13;8;14;20;27;40;54;43;58;81;40;26;717"
"""354640 SANTA CRUZ DO RIO PARDO"";-;-;-;522;341;345;273;390;456;292;245;460;305;301;199;228;231;272;431;442;327;348;323;383;229;243;301;415;8302"
"""354660 SANTA FE DO SUL"";-;-;-;248;240;393;464;390;323;405;552;360;396;698;714;495;284;529;517;514;525;362;499;429;294;458;373;427;10889"
"""354670 SANTA GERTRUDES"";-;-;-;62;62;63;63;96;85;111;47;56;78;56;56;51;41;51;80;78;42;22;52;6;3;-;-;-;1261"
"""354680 SANTA ISABEL"";-;45;282;307;237;416;481;433;396;444;433;466;397;426;416;417;432;500;485;517;494;481;443;527;464;326;459;64;10788"
"""354710 SANTA MERCEDES"";-;-;-;-;-;-;-;-;-;-;-;-;-;-;-;-;7;1;-;-;7;-;4;5;1;6;-;-;31"
"""354730 SANTANA DE PARNAIBA"";-;-;-;2679;2848;2892;2610;2956;2224;3158;3406;3282;3082;3304;2808;2907;2763;2998;2828;3242;3268;3821;4487;4926;3541;3333;3700;3909;80972"
"""354760 SANTA ROSA DE VITERBO"";-;-;-;-;-;-;-;-;-;-;-;-;-;-;-;-;-;-;-;-;-;-;-;-;-;-;113;-;113"
"""354780 SANTO ANDRE"";9;382;1486;1255227;1254059;1251420;1234544;1191245;1244023;1325663;1247694;1277033;1379465;1333659;1232005;1330213;1271485;1176342;1131148;1105787;1091935;1078932;1100077;1104825;1118333;808853;850715;1063530;29460089"
"""354800 SANTO ANTONIO DE POSSE"";-;-;-;5;2;3;2;1;-;-;-;-;-;-;-;1;-;-;-;1;2;2;-;-;-;20;-;-;39"
"""354810 SANTO ANTONIO DO JARDIM"";-;-;-;-;-;-;-;-;2;-;-;-;-;-;-;-;-;-;-;-;-;-;-;-;-;-;-;-;2"
"""354850 SANTOS"";1;93;1817;1693874;1676022;1700614;1743729;1622234;1732868;1847097;1836698;1812320;1941061;1947583;1922811;1933135;1954619;1882041;1953569;1953629;1980490;1998271;2009983;2003132;2081387;1896462;1737563;1767072;46630175"
"""354870 SAO BERNARDO DO CAMPO"";-;61;227;1003137;977724;981385;1039638;988503;954115;1034183;1041853;1068786;1140094;1122416;990364;1087608;1132269;1049044;1031392;1055610;1067762;1068434;1035309;1122657;1149769;1049467;1053679;1002163;26247649"
"""354880 SAO CAETANO DO SUL"";-;-;13;315404;312299;306370;319672;302093;302983;334622;322645;330522;349301;344228;330928;349389;351954;345115;342847;351707;359074;358254;345205;365083;366084;291220;306610;333527;8337149"
"""354890 SAO CARLOS"";1;11;31;4136;3957;4259;4375;4332;4108;4450;4420;4275;4422;4255;4540;4525;4214;4326;4410;4649;4643;4586;4443;4526;4753;4347;4523;4184;109701"
"""354910 SAO JOAO DA BOA VISTA"";-;1;181;1247478;1295164;1372097;1367684;1312516;1389204;1464151;1313959;1507431;1586672;1493424;1545559;1619278;1594375;1624905;1617349;1654115;1680911;1665193;1717647;1770336;1796151;1663876;1534575;1565383;38399615"
"""354940 SAO JOAQUIM DA BARRA"";-;-;-;1256;1202;1299;1228;1247;1190;1340;1420;1061;1439;1477;1550;1525;1316;1492;1489;1516;1477;1636;1604;1699;1616;1435;1454;1663;35631"
"""354970 SAO JOSE DO RIO PARDO"";-;-;-;1882;1898;1936;2080;2347;1906;2374;2210;2237;2352;2233;2247;2223;2144;2352;2277;2417;2170;2218;2322;2321;2477;2163;2334;2277;55397"
"""354980 SAO JOSE DO RIO PRETO"";469;116;457;2183229;2230663;2237798;2280757;2222176;2248940;2439018;2417723;2523494;2532563;2581815;2397102;2596978;2591965;2549097;2593980;2654466;2706337;2760819;2728205;2819373;2834521;2175547;2435595;2726344;62469547"
"""354990 SAO JOSE DOS CAMPOS"";-;-;73;1377298;1305939;1228904;1009751;1234033;1323747;1372972;1288979;1491902;1632260;1562388;1401822;1531251;1658015;1708653;1697129;1706224;1793093;1829447;1785221;1758711;1796373;1804720;1713822;1844279;38857006"
"""355010 SAO MANUEL"";-;-;-;60;54;59;63;61;60;49;57;63;102;417;161;321;330;339;212;165;155;241;201;155;2;-;-;-;3327"
"""355030 SAO PAULO"";30745;83913;240341;14942088;14472559;14832397;14934147;14885552;15368512;16097779;15398130;15155458;16946092;15939072;15409433;16178366;15764208;16156456;16796340;16888187;16705002;17477011;17329666;18023917;18225182;15051175;16576228;16680343;402588299"
"""355040 SAO PEDRO"";-;-;-;281;263;273;304;329;283;293;373;369;330;314;299;334;197;216;143;164;1;338;112;189;165;178;130;101;5979"
"""355050 SAO PEDRO DO TURVO"";-;-;-;5;16;15;7;19;8;33;59;22;17;18;8;36;45;4;21;30;24;33;29;14;37;24;-;5;529"
"""355060 SAO ROQUE"";-;-;-;2;-;-;-;1;1;132;230;580;204;230;312;351;224;379;434;360;367;450;553;474;507;615;490;512;7408"
"""355070 SAO SEBASTIAO"";-;-;-;206;211;191;190;220;147;198;212;-;205;236;166;165;234;169;21;400;392;336;305;287;379;300;291;346;5807"
"""355090 SAO SIMAO"";-;-;-;-;-;-;-;-;-;-;-;-;-;-;-;-;-;-;-;-;-;-;-;11;68;33;7;12;131"
"""355100 SAO VICENTE"";-;-;-;1861;1876;1922;1966;2072;2061;1968;2021;2083;2180;2164;2161;2150;2084;2358;2314;2471;2427;2513;2305;2192;2188;2152;2446;2245;54180"
"""355150 SERRANA"";-;-;-;368;312;392;367;387;406;393;430;400;402;396;328;433;379;421;390;423;408;403;437;375;418;343;357;382;9750"
"""355160 SERRA NEGRA"";-;-;-;-;-;-;-;-;-;-;-;-;-;-;315;439;484;229;262;673;548;679;507;718;678;655;543;584;7314"
"""355170 SERTAOZINHO"";-;-;-;2726;2659;2750;2708;3160;2956;3151;3341;3076;3267;3129;3220;3700;3363;3376;3254;3375;2982;3512;3281;2789;3741;3429;3781;3764;80490"
"""355190 SEVERINIA"";-;-;-;-;-;-;-;-;-;-;-;-;-;-;-;-;-;-;-;-;-;-;-;-;-;-;17;-;17"
"""355210 SOCORRO"";-;-;-;-;-;-;-;-;-;-;-;-;-;-;-;-;-;-;140;-;84;137;121;119;141;156;231;232;1361"
"""355220 SOROCABA"";-;5201;11021;2464254;2465418;2477891;2475669;2469549;2526567;2668330;2617090;2563694;2689496;2698579;2695332;2724823;2829397;2846571;2829154;2888438;2963782;2917860;2965712;3046032;3029830;2766493;2335239;1791960;66763382"
"""355240 SUMARE"";-;-;-;6281;6137;6452;6437;6349;6053;6516;6389;6128;6392;6006;6107;6076;5771;5961;5979;6268;5750;6227;6061;6125;6247;5826;6385;6053;153976"
"""355250 SUZANO"";-;-;33;6685;6181;6509;6663;6881;6101;6675;6552;6029;6165;6299;6528;6819;6512;6891;6956;7236;5660;6422;6356;6468;6518;5503;7325;6081;162048"
"""355270 TABATINGA"";-;-;-;-;-;-;-;-;-;-;-;-;-;-;-;-;-;-;-;-;14;34;30;34;-;-;-;-;112"
"""355280 TABOAO DA SERRA"";-;-;822;8418;7659;8172;8832;8931;8201;8675;8385;8082;8601;8227;8328;8412;7610;8140;7976;8738;8229;8409;8405;8382;8559;8122;8377;7557;208249"
"""355370 TAQUARITINGA"";-;-;-;403;365;386;482;383;439;416;430;440;333;490;524;325;286;370;318;378;398;398;356;373;429;373;313;369;9777"
"""355380 TAQUARITUBA"";-;-;-;-;32;145;111;61;35;27;28;22;15;15;13;110;216;229;230;227;189;101;164;186;180;158;92;79;2665"
"""355400 TATUI"";-;1;14;696;622;485;685;718;750;846;822;863;790;738;839;765;1011;1174;1002;1086;1167;1185;1453;1133;1090;866;695;768;22264"
"""355410 TAUBATE"";-;-;2;698675;710530;727420;717308;698512;753669;768340;760936;788421;814068;787204;787276;842984;849540;820914;862178;861518;895322;875780;917299;935828;940978;775189;700006;851727;20141624"
"""355450 TIETE"";-;-;-;-;-;74;90;143;121;103;93;92;117;138;159;156;159;202;197;223;241;318;321;362;-;-;-;615;3924"
"""355460 TIMBURI"";-;-;-;-;-;-;-;-;-;-;-;-;-;-;-;-;-;-;-;-;-;-;13;35;17;18;25;36;144"
"""355480 TREMEMBE"";-;-;-;-;-;-;-;-;-;-;-;-;-;-;-;-;-;-;-;-;121;58;59;83;-;72;53;46;492"
"""355500 TUPA"";-;-;-;2425;2416;2567;2603;2611;2496;2733;2657;2534;2818;2635;2559;2697;2565;2425;2748;2772;2666;2851;2974;3057;3078;2921;2878;2864;67550"
"""355510 TUPI PAULISTA"";-;-;-;-;-;-;-;-;-;-;-;37;-;-;-;-;-;-;-;-;-;-;-;-;-;-;-;48;85"
"""355535 UBARANA"";-;-;-;-;-;-;-;-;-;-;-;8;9;-;-;-;-;-;-;-;4;-;-;-;-;-;-;-;21"
"""355540 UBATUBA"";-;-;-;592;687;439;465;639;466;556;861;754;668;815;1552;1320;1043;926;1117;1458;1212;1151;1224;1329;1396;1311;1302;1624;24907"
"""355620 VALINHOS"";-;-;4;130;203;158;119;165;316;464;400;291;259;333;93;259;325;313;376;375;308;204;126;359;343;238;286;227;6674"
"""355640 VARGEM GRANDE DO SUL"";-;73;-;186;144;29;402;426;374;500;452;329;367;344;91;449;347;321;370;418;354;413;352;313;456;346;340;316;8512"
"""355650 VARZEA PAULISTA"";-;-;-;-;-;-;-;-;-;-;40;68;72;22;25;47;24;36;-;9;-;-;-;-;-;-;-;-;343"
"""355660 VERA CRUZ"";-;-;-;-;-;-;-;-;-;1;-;-;2;-;-;-;-;-;-;-;-;1;-;-;34;86;2;-;126"
"""355670 VINHEDO"";-;-;-;776;669;688;896;638;754;686;603;1155;1065;825;718;807;1045;1107;1077;1117;930;485;1030;1000;959;960;859;1147;21996"
"""355700 VOTORANTIM"";-;-;-;59;32;46;49;154;89;120;141;222;168;270;149;99;95;-;474;650;592;454;392;373;443;409;359;342;6181"
"""355710 VOTUPORANGA"";-;11228;11225;1056679;1034894;1086219;1073772;1081575;1085088;1181134;1144069;1170601;1222842;1190202;1148271;1189946;1225457;1205890;1206507;1234569;1265072;1270797;1278481;1353383;1333509;1130930;1152450;1192646;29537436"
"""355720 CHAVANTES"";-;-;-;32;329;25;21;25;27;34;20;20;18;173;179;247;187;382;324;342;323;542;343;329;240;128;64;109;4463"
"""Total"";32316;119432;297856;49244477;48832555;49220124;49587503;48983344;50556124;53066048;51109392;52361722;55880633;54080316;52372487;55621557;55487485;55265220;56261727;56951296;57474474;58737383;58946217;60334313;60974615;51466548;53755373;54989066;1352009603"
&



















































































































































































































































































































































































