"""Municˇpio"";""Menor 1 ano"";""1 a 4 anos"";""5 a 9 anos"";""10 a 14 anos"";""15 a 19 anos"";""20 a 29 anos"";""30 a 39 anos"";""40 a 49 anos"";""50 a 59 anos"";""60 a 69 anos"";""70 a 79 anos"";""80 anos e mais"";""Idade ignorada"";""Total"""
"""350010 ADAMANTINA"";250;277;237;148;317;1449;1441;1320;1633;1969;1641;1478;-;12160"
"""350020 ADOLFO"";97;45;38;34;66;191;240;234;254;419;327;190;-;2135"
"""350030 AGUAI"";256;168;190;167;429;1367;1269;1129;1193;1393;1227;720;-;9508"
"""350040 AGUAS DA PRATA"";47;19;54;18;66;210;267;241;238;351;321;220;-;2052"
"""350050 AGUAS DE LINDOIA"";211;216;146;98;230;798;873;766;876;1060;944;851;-;7069"
"""350055 AGUAS DE SANTA BARBARA"";38;52;68;33;49;238;167;136;200;299;212;118;-;1610"
"""350060 AGUAS DE SAO PEDRO"";23;22;28;19;25;85;98;171;141;212;260;121;-;1205"
"""350070 AGUDOS"";468;463;416;294;495;1741;1526;1393;1527;1730;1245;744;-;12042"
"""350075 ALAMBARI"";48;38;31;21;46;223;223;187;160;270;189;112;-;1548"
"""350080 ALFREDO MARCONDES"";65;14;24;31;51;191;206;224;264;321;317;238;-;1946"
"""350090 ALTAIR"";36;29;28;18;18;113;127;113;149;167;185;132;-;1115"
"""350100 ALTINOPOLIS"";421;420;368;300;405;1594;1538;1326;1302;1880;1728;1180;-;12462"
"""350110 ALTO ALEGRE"";43;16;23;4;60;115;93;116;145;209;209;164;-;1197"
"""350115 ALUMINIO"";114;51;51;53;86;406;317;278;295;357;268;157;-;2433"
"""350120 ALVARES FLORENCE"";35;44;39;36;42;115;138;160;254;289;341;200;-;1693"
"""350130 ALVARES MACHADO"";470;203;170;131;307;1217;1158;1103;1398;1779;1528;1004;-;10468"
"""350140 ALVARO DE CARVALHO"";17;18;22;10;41;172;191;162;125;164;121;47;-;1090"
"""350150 ALVINLANDIA"";55;90;29;25;41;136;100;114;110;119;126;71;-;1016"
"""350160 AMERICANA"";1425;954;1008;613;1272;5277;5116;4235;4862;6050;4821;3461;-;39094"
"""350170 AMERICO BRASILIENSE"";311;151;166;140;354;1378;1182;1169;1620;1961;1641;815;-;10888"
"""350180 AMERICO DE CAMPOS"";66;35;26;33;71;198;215;208;272;376;348;233;-;2081"
"""350190 AMPARO"";388;291;285;247;502;1955;1909;1703;2190;2719;2399;2055;-;16643"
"""350200 ANALANDIA"";42;26;41;19;35;157;114;103;164;217;130;70;-;1118"
"""350210 ANDRADINA"";489;405;374;209;458;1911;1641;1344;1749;2121;1924;1487;-;14112"
"""350220 ANGATUBA"";337;397;285;131;328;1096;1010;813;957;1157;1030;763;-;8304"
"""350230 ANHEMBI"";158;74;56;37;53;231;188;171;184;298;203;124;-;1777"
"""350240 ANHUMAS"";76;34;51;38;78;166;198;187;256;303;348;196;-;1931"
"""350250 APARECIDA"";273;168;249;174;329;969;1001;1052;1545;1859;1546;1066;-;10231"
"""350260 APARECIDA D'OESTE"";32;29;18;26;45;155;177;199;269;264;274;201;-;1689"
"""350270 APIAI"";489;418;275;171;338;1290;998;812;864;881;911;653;-;8100"
"""350275 ARACARIGUAMA"";309;167;183;104;271;891;670;455;332;377;257;116;-;4132"
"""350280 ARACATUBA"";2711;1997;1426;767;864;3277;3486;3922;5000;5875;4486;3096;-;36907"
"""350290 ARACOIABA DA SERRA"";243;114;134;142;243;981;789;599;707;789;705;379;-;5825"
"""350300 ARAMINA"";24;28;30;23;53;179;162;161;214;303;221;158;-;1556"
"""350310 ARANDU"";72;51;60;35;75;320;240;173;250;253;258;159;-;1946"
"""350315 ARAPEI"";14;16;27;26;29;62;84;85;125;158;109;66;-;801"
"""350320 ARARAQUARA"";1738;929;937;787;1950;7681;7541;7190;8650;11388;8913;4681;-;62385"
"""350330 ARARAS"";1104;589;575;398;934;3743;3650;3288;3555;4098;3014;1701;-;26649"
"""350335 ARCO-IRIS"";13;23;22;27;25;73;71;104;87;143;91;78;-;757"
"""350340 AREALVA"";111;63;65;48;136;302;281;269;353;599;508;348;-;3083"
"""350350 AREIAS"";51;56;39;19;55;158;128;126;128;175;97;85;-;1117"
"""350360 AREIOPOLIS"";150;92;82;64;105;305;279;234;335;429;287;258;-;2620"
"""350370 ARIRANHA"";63;34;19;25;51;252;198;231;258;423;422;198;-;2174"
"""350380 ARTUR NOGUEIRA"";321;217;239;173;196;741;927;894;914;944;639;203;-;6408"
"""350390 ARUJA"";665;422;545;427;905;3189;2557;2183;2220;2492;1954;924;-;18483"
"""350395 ASPASIA"";16;12;20;12;16;99;73;95;154;107;90;104;-;798"
"""350400 ASSIS"";1024;751;729;543;998;3939;3686;3794;4256;4701;3418;2052;-;29891"
"""350410 ATIBAIA"";1355;808;953;636;1274;4799;4337;3746;3867;4487;3559;2664;-;32485"
"""350420 AURIFLAMA"";126;76;86;71;161;418;417;426;578;749;760;709;-;4577"
"""350430 AVAI"";87;61;32;36;73;210;197;140;162;212;149;104;-;1463"
"""350440 AVANHANDAVA"";195;74;86;51;131;450;446;349;360;407;315;162;-;3026"
"""350450 AVARE"";1041;792;662;470;1018;4185;3668;2876;2877;3288;2580;1574;-;25031"
"""350460 BADY BASSITT"";470;172;176;140;348;1403;1361;1263;1376;1483;1161;707;-;10060"
"""350470 BALBINOS"";19;22;8;20;16;83;209;138;101;130;94;71;-;911"
"""350480 BALSAMO"";154;45;36;33;116;404;387;412;556;621;565;327;-;3656"
"""350490 BANANAL"";73;53;49;31;69;239;239;181;218;257;267;148;-;1824"
"""350500 BARAO DE ANTONINA"";90;48;50;22;51;173;135;117;119;176;168;139;-;1288"
"""350510 BARBOSA"";66;45;46;49;72;275;224;166;172;235;177;129;-;1656"
"""350520 BARIRI"";363;352;358;188;434;1603;1329;1154;1226;1732;1438;1141;-;11318"
"""350530 BARRA BONITA"";345;255;262;120;248;943;968;1112;1574;1963;1671;1212;-;10673"
"""350535 BARRA DO CHAPEU"";106;86;56;37;81;272;212;196;178;176;177;169;-;1746"
"""350540 BARRA DO TURVO"";63;37;68;52;93;243;269;249;201;230;167;103;-;1775"
"""350550 BARRETOS"";1633;1036;1112;902;1348;4647;4515;4933;5501;6552;5240;3224;-;40643"
"""350560 BARRINHA"";421;204;183;176;292;1225;1144;919;857;1041;754;290;-;7506"
"""350570 BARUERI"";6878;5605;4620;2782;4088;17517;18037;17189;16660;19014;14240;5674;-;132304"
"""350580 BASTOS"";371;566;319;199;365;1206;1140;980;1253;1432;1083;964;-;9878"
"""350590 BATATAIS"";982;1135;867;462;751;2689;2959;2713;3114;4413;3715;2144;-;25944"
"""350600 BAURU"";5807;2653;2769;2100;3861;14192;11589;10096;11148;14516;11081;6814;-;96626"
"""350610 BEBEDOURO"";671;450;474;342;654;2517;2531;2400;2785;3302;2476;1777;-;20379"
"""350620 BENTO DE ABREU"";29;17;27;11;18;67;58;51;54;88;95;56;-;571"
"""350630 BERNARDINO DE CAMPOS"";157;138;87;77;118;552;500;449;515;581;717;652;-;4543"
"""350635 BERTIOGA"";959;916;629;337;889;3188;2631;2147;1777;1922;1422;641;-;17458"
"""350640 BILAC"";36;33;60;27;50;171;226;217;235;283;246;180;-;1764"
"""350650 BIRIGUI"";1338;837;649;451;900;3777;3373;2676;3097;3126;2351;1722;-;24297"
"""350660 BIRITIBA MIRIM"";242;170;208;150;341;1263;1058;777;893;1028;907;516;-;7553"
"""350670 BOA ESPERANCA DO SUL"";137;117;72;70;176;596;470;545;645;746;685;252;-;4511"
"""350680 BOCAINA"";113;83;85;67;80;223;289;407;468;609;414;310;-;3148"
"""350690 BOFETE"";234;136;100;70;140;402;324;331;384;522;458;262;-;3363"
"""350700 BOITUVA"";594;322;350;217;582;2142;2034;1578;1721;1999;1559;1140;-;14238"
"""350710 BOM JESUS DOS PERDOES"";234;135;174;117;238;920;913;765;823;853;631;436;-;6239"
"""350715 BOM SUCESSO DE ITARARE"";59;50;26;24;60;178;119;93;99;136;125;56;-;1025"
"""350720 BORA"";8;5;15;4;5;26;56;35;64;64;64;33;-;379"
"""350730 BORACEIA"";72;57;59;49;80;243;188;138;221;213;216;143;-;1679"
"""350740 BORBOREMA"";102;106;150;70;194;458;573;738;780;1149;970;652;-;5942"
"""350745 BOREBI"";49;21;50;25;41;135;136;79;101;158;88;30;-;913"
"""350750 BOTUCATU"";3673;2359;1414;1085;1529;5685;5244;4985;5441;7058;6242;4759;-;49474"
"""350760 BRAGANCA PAULISTA"";1645;976;1126;710;1591;6854;5853;5194;6085;7742;7228;3848;-;48852"
"""350770 BRAUNA"";80;66;35;25;43;218;120;156;155;156;122;125;-;1301"
"""350775 BREJO ALEGRE"";47;28;18;19;13;79;95;79;103;138;78;72;-;769"
"""350780 BRODOWSKI"";382;239;299;206;271;1061;923;972;1153;1401;1100;658;-;8665"
"""350790 BROTAS"";283;312;265;194;298;1042;949;826;970;1176;934;821;-;8070"
"""350800 BURI"";280;160;150;148;301;916;691;468;443;514;418;247;-;4736"
"""350810 BURITAMA"";173;213;148;94;151;507;485;400;505;795;672;501;-;4644"
"""350820 BURITIZAL"";31;18;22;40;46;164;139;182;171;211;158;111;-;1293"
"""350830 CABRALIA PAULISTA"";122;136;96;51;112;330;263;235;326;327;255;179;-;2432"
"""350840 CABREUVA"";428;197;192;233;410;1496;1417;1323;1380;1530;1136;556;-;10298"
"""350850 CACAPAVA"";766;690;739;450;846;3107;2581;2364;2725;3670;3386;2115;-;23439"
"""350860 CACHOEIRA PAULISTA"";339;213;256;140;292;953;849;803;926;1248;1033;685;-;7737"
"""350870 CACONDE"";118;170;223;123;283;872;790;752;814;1111;1033;774;-;7063"
"""350880 CAFELANDIA"";201;214;139;89;203;690;687;713;808;908;803;584;-;6039"
"""350890 CAIABU"";71;90;28;50;53;179;232;185;258;332;258;186;-;1922"
"""350900 CAIEIRAS"";1029;596;665;451;940;3420;3161;2708;3215;3693;2879;1471;-;24228"
"""350910 CAIUA"";42;42;41;26;50;197;194;132;253;296;222;152;-;1647"
"""350920 CAJAMAR"";656;607;567;480;927;3494;3319;2626;2537;2694;1957;1094;-;20958"
"""350925 CAJATI"";348;364;278;177;453;1418;1222;1071;864;912;733;560;-;8400"
"""350930 CAJOBI"";72;103;67;73;165;361;417;552;548;690;589;524;-;4161"
"""350940 CAJURU"";417;349;325;332;540;2019;2163;1862;1847;2320;2059;1401;-;15634"
"""350945 CAMPINA DO MONTE ALEGRE"";57;53;53;21;71;296;217;168;196;306;216;206;-;1860"
"""350950 CAMPINAS"";15366;8714;6430;4409;8412;36256;31931;24930;27188;33925;26531;16657;-;240749"
"""350960 CAMPO LIMPO PAULISTA"";617;331;312;361;825;2897;2393;2363;2562;3177;2526;1787;-;20151"
"""350970 CAMPOS DO JORDAO"";842;572;511;315;724;2794;2174;1990;1897;1862;1341;970;-;15992"
"""350980 CAMPOS NOVOS PAULISTA"";90;60;60;38;101;238;207;165;165;245;194;115;-;1678"
"""350990 CANANEIA"";146;129;114;109;174;554;508;438;485;477;430;281;-;3845"
"""350995 CANAS"";65;65;71;29;77;230;179;141;153;240;160;98;-;1508"
"""351000 CANDIDO MOTA"";213;228;226;183;358;1156;1232;1276;1445;1906;1510;1130;-;10863"
"""351010 CANDIDO RODRIGUES"";34;28;27;15;24;83;137;107;119;152;114;104;-;944"
"""351015 CANITAR"";140;65;41;29;146;412;269;163;193;200;183;113;-;1954"
"""351020 CAPAO BONITO"";587;459;344;234;532;2042;1760;1375;1480;1704;1630;1118;-;13265"
"""351030 CAPELA DO ALTO"";262;111;106;65;248;939;674;544;550;566;451;206;-;4722"
"""351040 CAPIVARI"";399;302;251;185;588;2050;1605;1474;1408;1850;1407;830;-;12349"
"""351050 CARAGUATATUBA"";2232;2109;1932;1063;1773;6804;6822;7153;7127;8703;7251;3713;-;56682"
"""351060 CARAPICUIBA"";7348;5093;4273;2224;4046;15802;13152;11043;11529;12094;9747;4697;-;101048"
"""351070 CARDOSO"";112;88;72;71;119;422;465;489;720;926;936;697;-;5117"
"""351080 CASA BRANCA"";279;205;204;177;353;1399;1524;1534;1547;1768;1252;707;-;10949"
"""351090 CASSIA DOS COQUEIROS"";43;38;31;27;40;112;102;131;177;262;186;182;-;1331"
"""351100 CASTILHO"";163;140;139;76;186;577;503;532;655;931;844;604;-;5350"
"""351110 CATANDUVA"";1018;493;550;397;790;3251;3436;3799;4422;5052;4631;2894;-;30733"
"""351120 CATIGUA"";39;11;25;33;43;136;229;247;247;458;291;185;-;1944"
"""351130 CEDRAL"";171;71;81;79;117;474;537;462;551;581;669;454;-;4247"
"""351140 CERQUEIRA CESAR"";338;240;175;156;353;1014;1149;901;969;1181;1094;959;-;8529"
"""351150 CERQUILHO"";445;137;182;151;299;1297;1121;883;964;1171;1017;718;-;8385"
"""351160 CESARIO LANGE"";226;84;71;73;211;708;629;547;591;635;580;428;-;4783"
"""351170 CHARQUEADA"";155;148;146;93;187;706;744;666;701;853;705;434;-;5538"
"""351190 CLEMENTINA"";78;113;68;59;105;252;288;231;303;374;268;246;-;2385"
"""351200 COLINA"";120;120;125;112;227;762;678;657;835;881;890;775;-;6182"
"""351210 COLOMBIA"";105;64;44;43;102;257;260;315;289;309;285;129;-;2202"
"""351220 CONCHAL"";537;328;281;195;521;1737;1427;1407;1241;1512;1183;801;-;11170"
"""351230 CONCHAS"";249;177;94;81;155;589;586;508;677;908;740;702;-;5466"
"""351240 CORDEIROPOLIS"";269;127;141;80;199;826;688;509;596;633;437;191;-;4696"
"""351250 COROADOS"";52;32;45;28;47;185;227;203;222;203;147;101;-;1492"
"""351260 CORONEL MACEDO"";64;42;41;38;53;205;171;183;190;311;199;170;-;1667"
"""351270 CORUMBATAI"";33;41;56;24;34;146;154;89;143;182;145;55;-;1102"
"""351280 COSMOPOLIS"";417;210;241;198;551;1848;1780;1554;1748;1955;1766;1143;-;13411"
"""351290 COSMORAMA"";117;95;70;52;114;321;310;314;339;474;417;369;-;2992"
"""351300 COTIA"";2664;1879;1955;1347;2635;10513;9058;6605;6685;7425;5648;2768;-;59182"
"""351310 CRAVINHOS"";430;162;260;202;291;1190;1051;1167;1329;1544;1389;779;-;9794"
"""351320 CRISTAIS PAULISTA"";98;81;93;53;91;335;322;218;295;310;268;158;-;2322"
"""351330 CRUZALIA"";12;16;14;6;7;67;52;70;112;119;77;98;-;650"
"""351340 CRUZEIRO"";818;732;598;399;810;2487;2121;2301;2813;4315;3438;2012;-;22844"
"""351350 CUBATAO"";1491;617;685;485;1022;4344;3706;3125;3406;4288;3382;1496;-;28047"
"""351360 CUNHA"";163;224;214;160;239;1017;914;1018;1121;1354;1251;919;-;8594"
"""351370 DESCALVADO"";213;228;243;176;330;1074;1168;1139;1371;1890;1737;1399;-;10968"
"""351380 DIADEMA"";5756;3220;2883;2162;3529;14488;13150;12025;13020;14018;9965;5705;-;99921"
"""351385 DIRCE REIS"";20;8;8;6;23;74;79;74;76;149;95;93;-;705"
"""351390 DIVINOLANDIA"";86;107;138;99;157;553;560;580;597;809;707;500;-;4893"
"""351400 DOBRADA"";76;52;51;31;85;336;302;303;302;329;320;160;-;2347"
"""351410 DOIS CORREGOS"";397;490;250;179;288;914;764;847;961;1231;1035;957;-;8313"
"""351420 DOLCINOPOLIS"";46;41;13;15;28;139;100;97;108;131;102;108;-;928"
"""351430 DOURADO"";52;64;43;43;67;176;197;220;318;426;349;154;-;2109"
"""351440 DRACENA"";548;448;360;204;378;1564;1611;1487;1884;2234;1914;1514;-;14146"
"""351450 DUARTINA"";209;266;178;141;224;887;875;736;789;1000;1008;806;-;7119"
"""351460 DUMONT"";130;61;78;80;134;373;316;371;282;435;320;158;-;2738"
"""351470 ECHAPORA"";89;47;40;22;69;227;192;205;225;296;214;145;-;1771"
"""351480 ELDORADO"";154;132;123;65;165;565;498;437;346;364;270;229;-;3348"
"""351490 ELIAS FAUSTO"";118;76;95;57;155;663;631;536;484;613;425;199;-;4052"
"""351492 ELISIARIO"";35;8;11;6;24;82;75;108;148;134;160;106;-;897"
"""351495 EMBAUBA"";14;9;25;14;16;57;101;73;119;184;107;105;-;824"
"""351500 EMBU DAS ARTES"";3585;2887;2629;1559;2850;11646;10274;8529;8254;9205;7165;3301;-;71884"
"""351510 EMBU-GUACU"";1023;808;739;402;805;3144;2620;2463;2650;3303;2857;1778;-;22592"
"""351512 EMILIANOPOLIS"";39;27;25;15;48;134;138;161;274;312;357;264;-;1794"
"""351515 ENGENHEIRO COELHO"";336;136;107;113;246;837;725;569;477;519;364;189;-;4618"
"""351518 ESPIRITO SANTO DO PINHAL"";481;409;364;215;381;1627;1739;1786;1893;1921;1557;1094;-;13467"
"""351519 ESPIRITO SANTO DO TURVO"";108;37;31;70;78;269;250;136;161;221;173;101;-;1635"
"""351520 ESTRELA D'OESTE"";98;91;65;72;118;481;469;531;641;678;669;481;-;4394"
"""351530 ESTRELA DO NORTE"";28;26;14;23;24;109;86;84;157;154;135;103;-;943"
"""351535 EUCLIDES DA CUNHA PAULISTA"";94;73;83;65;171;390;400;477;577;598;510;472;-;3910"
"""351540 FARTURA"";230;271;190;99;191;649;624;636;642;928;915;649;-;6024"
"""351550 FERNANDOPOLIS"";777;574;438;307;654;2828;2393;2571;3070;3658;2887;2066;-;22223"
"""351560 FERNANDO PRESTES"";62;23;39;24;62;157;185;238;237;284;254;206;-;1771"
"""351565 FERNAO"";22;20;17;11;31;58;88;78;98;85;101;70;-;679"
"""351570 FERRAZ DE VASCONCELOS"";1564;1432;1259;788;1282;5925;5080;4106;4104;4490;3182;1428;-;34640"
"""351580 FLORA RICA"";4;10;7;4;10;52;47;56;70;93;119;89;-;561"
"""351590 FLOREAL"";35;26;14;6;30;69;108;125;237;224;245;226;-;1345"
"""351600 FLORIDA PAULISTA"";60;112;126;89;201;550;446;553;604;789;916;804;-;5250"
"""351610 FLORINEA"";36;9;20;6;20;117;161;134;130;118;141;62;-;954"
"""351620 FRANCA"";3575;2176;2109;1368;2858;11651;9830;8571;10516;11881;8934;5610;-;79079"
"""351630 FRANCISCO MORATO"";3191;2473;2036;1321;2663;9131;7312;5820;5370;6135;4697;2078;-;52227"
"""351640 FRANCO DA ROCHA"";1672;721;801;565;1400;6128;5063;4375;3977;4548;3434;1324;-;34008"
"""351650 GABRIEL MONTEIRO"";37;22;37;9;14;59;76;74;104;91;86;62;-;671"
"""351660 GALIA"";72;84;42;39;46;258;270;269;255;347;384;293;-;2359"
"""351670 GARCA"";279;226;238;242;525;1789;1473;1367;1385;1650;1497;1156;-;11827"
"""351680 GASTAO VIDIGAL"";47;33;21;12;48;107;126;152;146;254;192;204;-;1342"
"""351685 GAVIAO PEIXOTO"";51;23;22;20;37;186;146;126;142;198;157;102;-;1210"
"""351690 GENERAL SALGADO"";107;76;92;60;98;331;348;453;588;910;953;648;-;4664"
"""351700 GETULINA"";62;68;53;58;131;380;426;448;553;665;504;388;-;3736"
"""351710 GLICERIO"";43;32;31;18;37;145;166;181;187;228;163;98;-;1329"
"""351720 GUAICARA"";102;90;65;79;133;540;490;440;443;558;319;230;-;3489"
"""351730 GUAIMBE"";71;59;55;43;71;201;211;174;201;221;172;125;-;1604"
"""351740 GUAIRA"";355;346;299;243;518;1825;1587;1852;2212;2595;2084;1384;-;15300"
"""351750 GUAPIACU"";427;188;153;106;271;1114;1092;882;1004;1213;950;724;-;8124"
"""351760 GUAPIARA"";121;109;116;92;142;612;514;369;447;542;497;400;-;3961"
"""351770 GUARA"";110;64;121;66;214;886;760;833;824;929;784;449;-;6040"
"""351780 GUARACAI"";81;87;65;48;78;243;281;306;454;565;571;624;-;3403"
"""351790 GUARACI"";108;62;64;40;107;301;296;302;388;474;408;294;-;2844"
"""351800 GUARANI D'OESTE"";35;25;18;15;27;65;116;113;112;144;110;94;-;874"
"""351810 GUARANTA"";111;68;35;50;92;274;277;183;176;264;206;109;-;1845"
"""351820 GUARARAPES"";382;320;209;175;184;818;892;900;1222;1454;1194;1185;-;8935"
"""351830 GUARAREMA"";331;337;333;241;401;1483;1323;1185;1261;1637;1458;824;-;10814"
"""351840 GUARATINGUETA"";500;596;536;418;870;3397;3153;3244;4352;5620;4779;2642;-;30107"
"""351850 GUAREI"";94;82;90;44;179;534;435;333;325;337;258;220;-;2931"
"""351860 GUARIBA"";856;379;393;228;414;1469;1693;1581;1529;1752;1122;713;-;12129"
"""351870 GUARUJA"";5165;1706;1267;1183;2440;11249;8522;5963;6280;7003;4798;2240;-;57816"
"""351880 GUARULHOS"";20120;9313;7894;5450;11426;42966;32366;25587;29296;33003;24746;12668;-;254835"
"""351885 GUATAPARA"";111;94;72;39;56;306;313;280;311;454;444;132;-;2612"
"""351890 GUZOLANDIA"";37;31;36;100;37;188;179;188;188;291;268;214;-;1757"
"""351900 HERCULANDIA"";162;316;195;104;265;595;603;616;763;833;692;573;-;5717"
"""351905 HOLAMBRA"";272;108;114;57;196;638;592;471;479;395;319;144;-;3785"
"""351907 HORTOLANDIA"";2208;1073;1199;837;1720;7347;6437;5028;5448;6611;4482;2170;-;44560"
"""351910 IACANGA"";201;175;190;110;209;611;619;625;682;839;654;421;-;5336"
"""351920 IACRI"";79;82;33;24;53;308;275;217;235;303;304;163;-;2076"
"""351925 IARAS"";90;69;59;60;73;278;264;246;224;288;217;98;-;1966"
"""351930 IBATE"";457;358;254;194;415;1473;1340;1034;1085;1346;1028;665;-;9649"
"""351940 IBIRA"";220;143;128;93;149;539;567;634;713;977;921;789;-;5873"
"""351950 IBIRAREMA"";90;22;63;32;97;293;243;214;212;291;223;187;-;1967"
"""351960 IBITINGA"";510;568;619;389;990;3146;2859;2480;2493;3318;2496;1782;-;21650"
"""351970 IBIUNA"";708;648;692;559;1174;3717;3258;3102;3099;3307;2553;1677;-;24494"
"""351980 ICEM"";113;45;63;32;79;319;305;318;408;531;399;240;-;2852"
"""351990 IEPE"";129;83;74;80;95;411;439;398;565;819;682;594;-;4369"
"""352000 IGARACU DO TIETE"";259;215;167;100;253;782;746;649;897;1204;673;519;-;6464"
"""352010 IGARAPAVA"";186;132;128;123;246;813;880;817;893;1076;971;815;-;7080"
"""352020 IGARATA"";219;154;144;74;147;503;416;406;428;559;473;260;-;3783"
"""352030 IGUAPE"";263;180;218;151;313;1068;970;960;860;1077;888;536;-;7484"
"""352040 ILHABELA"";546;656;607;375;603;2405;2669;2378;1951;2012;1513;950;-;16665"
"""352042 ILHA COMPRIDA"";142;148;179;125;145;579;615;621;766;1004;718;319;-;5361"
"""352044 ILHA SOLTEIRA"";255;273;163;75;224;896;873;912;1027;1011;1105;825;-;7639"
"""352050 INDAIATUBA"";2680;1770;1716;1286;2753;11273;10414;9010;9498;12573;11133;5890;-;79996"
"""352060 INDIANA"";81;35;42;42;64;286;226;291;305;399;410;277;-;2458"
"""352070 INDIAPORA"";57;44;36;32;54;215;236;291;395;493;434;349;-;2636"
"""352080 INUBIA PAULISTA"";41;30;35;48;33;107;183;123;121;214;178;144;-;1257"
"""352090 IPAUSSU"";224;126;152;78;177;614;519;534;535;778;705;434;-;4876"
"""352100 IPERO"";346;183;180;116;311;1062;938;883;732;791;542;219;-;6303"
"""352110 IPEUNA"";83;49;101;43;60;298;201;211;250;247;180;118;-;1841"
"""352115 IPIGUA"";94;42;34;45;92;298;300;343;332;420;294;246;-;2540"
"""352120 IPORANGA"";45;29;24;24;46;161;172;130;134;112;90;69;-;1036"
"""352130 IPUA"";126;96;108;76;166;574;593;687;653;755;688;374;-;4896"
"""352140 IRACEMAPOLIS"";164;61;83;49;104;536;592;476;523;676;523;216;-;4003"
"""352150 IRAPUA"";107;36;27;36;87;315;245;228;247;472;372;202;-;2374"
"""352160 IRAPURU"";44;36;25;15;81;161;162;210;235;291;246;234;-;1740"
"""352170 ITABERA"";238;256;269;138;236;799;804;610;754;889;694;592;-;6279"
"""352180 ITAI"";199;142;152;135;202;654;659;744;739;1050;866;576;-;6118"
"""352190 ITAJOBI"";253;94;79;104;203;719;654;644;839;1114;1289;1205;-;7197"
"""352200 ITAJU"";34;39;24;16;49;143;117;98;116;174;149;125;-;1084"
"""352210 ITANHAEM"";3251;729;726;568;1324;4993;4143;3184;2885;3820;3153;1482;-;30258"
"""352215 ITAOCA"";93;53;36;15;47;144;147;132;90;137;113;135;-;1142"
"""352220 ITAPECERICA DA SERRA"";2767;1790;1581;1044;1923;8134;6474;5410;5798;6459;4840;2317;-;48537"
"""352230 ITAPETININGA"";1195;969;954;623;1645;6967;5689;4452;4501;5690;4758;3462;-;40905"
"""352240 ITAPEVA"";1247;864;670;474;1084;4026;3011;2155;2959;3317;2990;1922;-;24719"
"""352250 ITAPEVI"";4923;2523;2234;1391;2798;11142;8749;6138;5957;6183;4242;1806;-;58086"
"""352260 ITAPIRA"";694;457;429;294;661;2811;2625;2604;2944;3382;2713;1731;-;21345"
"""352265 ITAPIRAPUA PAULISTA"";95;59;40;22;86;255;186;139;140;126;122;90;-;1360"
"""352270 ITAPOLIS"";746;983;675;317;537;1817;1508;1606;2104;2537;2246;1771;-;16847"
"""352280 ITAPORANGA"";306;256;151;210;262;670;610;682;700;925;861;711;-;6344"
"""352290 ITAPUI"";183;159;184;109;94;379;445;551;591;680;522;360;-;4257"
"""352300 ITAPURA"";58;38;32;14;48;134;107;96;118;184;192;113;-;1134"
"""352310 ITAQUAQUECETUBA"";3867;2196;2191;1469;3985;15125;11919;8576;9008;9677;6521;2791;-;77325"
"""352320 ITARARE"";556;607;664;542;873;2830;2510;2327;2384;2809;2598;1838;-;20538"
"""352330 ITARIRI"";233;81;74;81;154;526;460;448;400;472;379;249;-;3557"
"""352340 ITATIBA"";817;687;722;488;983;3996;3779;3297;3570;4339;3352;2006;-;28036"
"""352350 ITATINGA"";360;146;115;95;257;712;574;483;665;829;612;468;-;5316"
"""352360 ITIRAPINA"";145;90;87;97;164;525;586;612;559;626;460;363;-;4314"
"""352370 ITIRAPUA"";55;57;57;29;58;217;165;163;145;228;158;156;-;1488"
"""352380 ITOBI"";57;97;88;39;102;448;386;347;314;488;326;169;-;2861"
"""352390 ITU"";1728;1236;1267;753;1468;5577;4683;4205;4781;5209;3800;2612;-;37319"
"""352400 ITUPEVA"";682;381;417;357;682;2464;2202;2005;2079;2279;1974;1140;-;16662"
"""352410 ITUVERAVA"";306;242;215;174;354;1520;1577;1441;1569;2015;1459;1067;-;11939"
"""352420 JABORANDI"";59;38;57;46;52;184;186;217;329;333;256;235;-;1992"
"""352430 JABOTICABAL"";868;406;369;264;615;2524;2517;2387;2589;3087;2437;1380;-;19443"
"""352440 JACAREI"";2568;1480;1387;1234;2220;7748;6764;6163;7344;8638;6816;3732;-;56094"
"""352450 JACI"";132;58;73;56;140;528;596;593;464;453;385;290;-;3768"
"""352460 JACUPIRANGA"";149;204;180;90;231;737;630;651;522;597;494;358;-;4843"
"""352470 JAGUARIUNA"";702;538;456;289;508;2500;2185;2003;1912;2222;1812;1194;-;16321"
"""352480 JALES"";337;200;231;158;382;1791;1757;1870;2453;2728;2634;1912;-;16453"
"""352490 JAMBEIRO"";46;49;50;32;62;194;182;162;184;268;194;138;-;1561"
"""352500 JANDIRA"";1434;813;748;501;780;3718;3198;2436;2391;2577;1843;668;-;21107"
"""352510 JARDINOPOLIS"";700;375;362;238;468;1598;1724;1494;1501;2074;1497;757;-;12788"
"""352520 JARINU"";289;198;157;142;439;1303;1257;1254;1359;1626;1316;697;-;10037"
"""352530 JAU"";1864;1534;1230;863;1538;5675;5299;5329;5389;7656;5998;4263;-;46638"
"""352540 JERIQUARA"";54;43;40;33;42;165;140;130;116;144;85;82;-;1074"
"""352550 JOANOPOLIS"";128;65;109;53;169;476;483;397;519;493;465;433;-;3790"
"""352560 JOAO RAMALHO"";49;58;57;34;66;213;182;166;211;236;239;138;-;1649"
"""352570 JOSE BONIFACIO"";590;256;232;195;499;1712;1733;1589;1973;2249;2118;1622;-;14768"
"""352580 JULIO MESQUITA"";95;72;62;32;58;226;195;176;148;190;181;115;-;1550"
"""352585 JUMIRIM"";36;24;36;14;22;152;114;110;57;73;67;78;-;783"
"""352590 JUNDIAI"";5044;2214;1984;1611;3217;13603;13295;12382;13784;18080;15126;10725;-;111065"
"""352600 JUNQUEIROPOLIS"";220;240;181;126;243;745;931;868;1134;1239;1087;947;-;7961"
"""352610 JUQUIA"";191;170;146;92;237;848;713;687;616;748;549;320;-;5317"
"""352620 JUQUITIBA"";591;436;389;183;340;1465;1254;1044;1112;1493;1125;541;-;9973"
"""352630 LAGOINHA"";26;22;40;18;47;159;186;167;181;229;160;110;-;1345"
"""352640 LARANJAL PAULISTA"";483;317;196;181;295;1201;925;951;915;1249;1106;789;-;8608"
"""352650 LAVINIA"";59;85;58;47;47;271;296;288;224;233;239;206;-;2053"
"""352660 LAVRINHAS"";109;95;138;61;80;276;220;225;391;385;344;131;-;2455"
"""352670 LEME"";1285;661;570;493;1253;4338;3555;3044;3164;3251;2666;1467;-;25747"
"""352680 LENCOIS PAULISTA"";813;701;587;340;705;2779;2390;2107;2334;3172;2365;1532;-;19825"
"""352690 LIMEIRA"";3768;1717;1446;963;2140;8428;7490;6178;7114;8965;6302;3219;-;57730"
"""352700 LINDOIA"";74;70;60;34;96;291;294;288;357;318;327;211;-;2420"
"""352710 LINS"";714;523;468;345;712;3308;2688;2356;2656;3204;2370;1530;-;20874"
"""352720 LORENA"";1081;643;593;415;861;3003;2412;2224;2474;3691;3210;1986;-;22593"
"""352725 LOURDES"";24;19;7;26;11;41;55;87;95;88;112;116;-;681"
"""352730 LOUVEIRA"";735;560;465;249;605;2422;2288;1863;1649;1697;1294;1023;-;14850"
"""352740 LUCELIA"";173;118;110;115;214;672;792;723;941;1054;1043;777;1;6733"
"""352750 LUCIANOPOLIS"";48;46;37;24;60;193;183;130;157;115;184;133;-;1310"
"""352760 LUIS ANTONIO"";179;146;113;52;119;469;429;330;396;576;506;230;-;3545"
"""352770 LUIZIANIA"";65;31;42;38;82;211;187;111;143;184;133;125;-;1352"
"""352780 LUPERCIO"";86;67;46;32;45;150;167;150;170;194;172;105;-;1384"
"""352790 LUTECIA"";37;23;23;23;39;108;118;142;139;139;135;112;-;1038"
"""352800 MACATUBA"";209;181;142;105;268;688;812;674;975;1350;884;874;-;7162"
"""352810 MACAUBAL"";55;36;56;26;90;184;185;259;328;434;420;376;-;2449"
"""352820 MACEDONIA"";42;24;25;20;48;142;119;169;209;240;250;133;-;1421"
"""352830 MAGDA"";16;31;34;24;24;93;130;151;161;226;252;239;-;1381"
"""352840 MAIRINQUE"";359;165;174;140;386;1369;990;730;866;973;744;378;-;7274"
"""352850 MAIRIPORA"";1120;1118;814;602;936;3424;2999;2852;2967;3314;2652;1612;-;24410"
"""352860 MANDURI"";88;62;65;58;144;325;283;216;267;371;303;174;-;2356"
"""352870 MARABA PAULISTA"";55;41;40;32;20;222;151;156;168;196;146;88;-;1315"
"""352880 MARACAI"";98;98;136;70;102;537;528;586;704;827;694;444;-;4824"
"""352885 MARAPOAMA"";44;11;11;13;49;118;141;111;161;136;159;117;-;1071"
"""352890 MARIAPOLIS"";30;30;29;15;28;136;118;126;140;247;214;137;-;1250"
"""352900 MARILIA"";3431;2187;2154;1348;2236;9149;8434;8236;8719;10505;8470;5716;-;70585"
"""352910 MARINOPOLIS"";13;16;14;9;20;82;60;86;141;204;122;66;-;833"
"""352920 MARTINOPOLIS"";516;323;329;259;469;1502;1423;1459;1612;1982;1675;1194;-;12743"
"""352930 MATAO"";388;429;381;345;730;2287;2234;2383;3029;4111;3270;2147;-;21734"
"""352940 MAUA"";2972;1829;1821;1499;3191;12525;10775;8927;10093;12167;8368;3986;-;78153"
"""352950 MENDONCA"";86;41;69;59;70;308;281;261;328;463;398;256;-;2620"
"""352960 MERIDIANO"";64;33;45;17;33;135;158;168;222;250;149;105;-;1379"
"""352965 MESOPOLIS"";14;11;11;10;37;94;73;88;96;162;123;77;-;796"
"""352970 MIGUELOPOLIS"";190;234;146;87;255;766;588;712;1007;1140;1070;760;-;6955"
"""352980 MINEIROS DO TIETE"";155;122;135;73;122;466;461;467;414;603;464;225;-;3707"
"""352990 MIRACATU"";230;222;201;138;318;967;752;703;661;745;605;354;-;5896"
"""353000 MIRA ESTRELA"";25;15;34;10;20;115;111;137;211;244;175;93;-;1190"
"""353010 MIRANDOPOLIS"";435;461;426;178;226;940;1015;910;973;1096;1087;929;-;8676"
"""353020 MIRANTE DO PARANAPANEMA"";196;76;102;133;172;468;474;525;722;1110;815;493;-;5286"
"""353030 MIRASSOL"";637;302;336;309;720;2543;2603;2561;3243;3808;2982;2182;-;22226"
"""353040 MIRASSOLANDIA"";63;32;67;51;69;234;268;228;270;295;246;212;-;2035"
"""353050 MOCOCA"";587;569;474;301;803;3091;2655;2388;2671;3528;3147;2145;-;22359"
"""353060 MOGI DAS CRUZES"";4476;4417;3998;2549;4165;16787;13940;12220;13079;15003;11864;7197;-;109695"
"""353070 MOGI GUACU"";1889;925;947;675;1271;5556;5143;4472;5214;6237;5025;2963;-;40317"
"""353080 MOGI MIRIM"";690;440;483;325;649;2668;2670;2406;2874;3670;2796;1539;-;21210"
"""353090 MOMBUCA"";35;29;19;13;46;174;151;122;172;145;112;68;-;1086"
"""353100 MONCOES"";36;7;20;10;23;54;77;75;103;215;158;163;-;941"
"""353110 MONGAGUA"";1788;797;708;369;680;2291;1884;1429;1448;2077;1637;922;-;16030"
"""353120 MONTE ALEGRE DO SUL"";35;38;55;65;56;202;278;198;293;300;293;225;-;2038"
"""353130 MONTE ALTO"";372;393;363;215;401;1408;1331;1539;2003;2756;2371;1796;-;14948"
"""353140 MONTE APRAZIVEL"";340;499;308;186;481;1272;1259;1467;1747;1868;1730;1431;-;12588"
"""353150 MONTE AZUL PAULISTA"";130;133;159;111;390;1329;1155;1024;1121;1166;1097;931;-;8746"
"""353160 MONTE CASTELO"";49;49;37;20;30;133;113;153;222;277;221;270;-;1574"
"""353170 MONTEIRO LOBATO"";47;31;23;24;40;168;161;122;129;154;111;68;-;1078"
"""353180 MONTE MOR"";350;286;353;289;589;2700;2141;1560;1560;1666;1308;690;-;13492"
"""353190 MORRO AGUDO"";328;292;265;182;433;1413;1231;1063;1232;1211;1153;626;-;9429"
"""353200 MORUNGABA"";84;90;108;66;174;566;543;460;536;566;600;292;-;4085"
"""353205 MOTUCA"";19;11;22;18;23;112;124;122;171;235;197;89;-;1143"
"""353210 MURUTINGA DO SUL"";67;37;30;26;18;87;93;112;160;166;166;152;-;1114"
"""353215 NANTES"";27;31;45;28;38;200;126;152;204;213;186;110;-;1360"
"""353220 NARANDIBA"";123;56;41;37;105;284;251;261;254;318;258;177;-;2165"
"""353230 NATIVIDADE DA SERRA"";54;41;75;38;69;227;203;218;250;291;291;141;-;1898"
"""353240 NAZARE PAULISTA"";213;103;150;109;204;769;571;644;813;868;834;645;-;5923"
"""353250 NEVES PAULISTA"";92;50;44;36;102;319;398;392;514;589;541;360;-;3437"
"""353260 NHANDEARA"";91;86;59;47;102;303;339;465;573;816;866;872;-;4619"
"""353270 NIPOA"";81;84;56;40;70;232;218;198;207;226;210;199;-;1821"
"""353280 NOVA ALIANCA"";117;70;73;38;97;341;361;319;393;467;376;327;-;2979"
"""353282 NOVA CAMPINA"";137;119;76;49;98;389;304;183;216;250;200;184;-;2205"
"""353284 NOVA CANAA PAULISTA"";17;10;8;9;21;91;61;85;90;163;177;93;-;825"
"""353286 NOVA CASTILHO"";8;8;5;11;9;30;54;40;34;34;36;57;-;326"
"""353290 NOVA EUROPA"";53;38;53;70;112;354;327;372;403;518;442;291;-;3033"
"""353300 NOVA GRANADA"";379;318;196;208;464;1397;1345;1672;1653;1929;1958;1459;-;12978"
"""353310 NOVA GUATAPORANGA"";25;40;21;10;19;66;68;68;97;158;91;83;-;746"
"""353320 NOVA INDEPENDENCIA"";40;21;22;16;39;182;153;115;118;130;107;74;-;1017"
"""353325 NOVAIS"";58;41;36;33;54;219;200;149;187;173;158;129;-;1437"
"""353330 NOVA LUZITANIA"";17;24;14;9;24;51;49;61;73;137;105;99;-;663"
"""353340 NOVA ODESSA"";429;291;368;217;363;1480;1503;1422;1470;1892;1621;992;-;12048"
"""353350 NOVO HORIZONTE"";403;294;312;223;527;1734;1723;1728;1921;2251;2051;1467;-;14634"
"""353360 NUPORANGA"";35;35;72;35;48;244;284;207;212;262;215;149;-;1798"
"""353370 OCAUCU"";132;63;50;27;68;202;144;145;126;216;133;115;-;1421"
"""353380 OLEO"";29;21;28;54;28;115;102;90;138;146;127;88;-;966"
"""353390 OLIMPIA"";462;427;327;260;481;1664;1645;1642;1832;2542;2618;2026;-;15926"
"""353400 ONDA VERDE"";103;51;69;37;47;295;310;313;243;398;248;159;-;2273"
"""353410 ORIENTE"";52;35;41;38;37;152;222;185;255;321;190;148;-;1676"
"""353420 ORINDIUVA"";88;63;23;33;66;219;257;188;223;267;302;140;-;1869"
"""353430 ORLANDIA"";349;355;268;232;569;2073;1995;1570;1547;1808;1401;1126;-;13293"
"""353440 OSASCO"";11135;4239;3961;2610;5533;22114;18838;16574;17626;21451;16785;9655;-;150521"
"""353450 OSCAR BRESSANE"";28;17;23;13;16;85;102;82;117;147;148;98;-;876"
"""353460 OSVALDO CRUZ"";294;295;225;208;361;1143;1128;1079;1184;1646;1623;1549;-;10735"
"""353470 OURINHOS"";1528;777;814;533;1109;4842;4347;3547;3761;4570;3801;2480;-;32109"
"""353475 OUROESTE"";106;101;95;84;147;439;468;558;688;784;670;549;-;4689"
"""353480 OURO VERDE"";119;102;63;56;96;365;304;242;345;405;297;270;-;2664"
"""353490 PACAEMBU"";50;40;47;42;70;347;333;339;327;371;291;279;-;2536"
"""353500 PALESTINA"";123;89;48;48;104;350;386;363;433;719;552;413;-;3628"
"""353510 PALMARES PAULISTA"";122;35;42;31;98;352;286;299;428;468;301;224;-;2686"
"""353520 PALMEIRA D'OESTE"";68;61;87;71;163;461;404;578;755;1089;968;872;-;5577"
"""353530 PALMITAL"";231;271;267;159;331;1087;868;986;1060;1203;1299;1045;-;8807"
"""353540 PANORAMA"";231;137;144;110;140;475;488;590;567;691;572;402;-;4547"
"""353550 PARAGUACU PAULISTA"";477;549;565;346;552;2296;2196;2273;2542;2808;2244;1361;-;18209"
"""353560 PARAIBUNA"";150;141;191;83;198;635;607;502;653;925;706;439;-;5230"
"""353570 PARAISO"";49;24;27;20;45;153;128;191;203;287;252;179;-;1558"
"""353580 PARANAPANEMA"";285;180;183;122;238;987;711;717;715;939;635;486;-;6198"
"""353590 PARANAPUA"";56;36;34;31;64;207;143;136;172;207;180;136;-;1402"
"""353600 PARAPUA"";112;86;61;72;125;326;335;360;427;513;354;309;-;3080"
"""353610 PARDINHO"";222;108;66;39;89;270;247;210;230;282;256;146;-;2165"
"""353620 PARIQUERA-ACU"";214;188;238;134;329;961;1041;835;851;790;675;503;-;6759"
"""353625 PARISI"";33;56;40;26;35;120;171;197;181;284;190;128;-;1461"
"""353630 PATROCINIO PAULISTA"";214;102;141;73;165;624;448;488;489;586;485;367;-;4182"
"""353640 PAULICEIA"";78;49;65;33;34;171;226;243;320;316;257;126;-;1918"
"""353650 PAULINIA"";1324;1027;806;503;926;3733;3440;3097;3201;3748;3173;2247;-;27225"
"""353657 PAULISTANIA"";34;15;11;23;27;98;92;62;76;95;82;59;-;674"
"""353660 PAULO DE FARIA"";132;46;43;31;75;301;290;334;423;471;497;357;-;3000"
"""353670 PEDERNEIRAS"";642;495;483;395;556;1768;1556;1508;1764;2222;1808;1108;-;14305"
"""353680 PEDRA BELA"";71;39;53;40;74;278;237;245;299;322;376;197;-;2231"
"""353690 PEDRANOPOLIS"";20;9;16;7;35;77;79;110;123;165;121;119;-;881"
"""353700 PEDREGULHO"";212;111;102;84;167;595;617;578;560;675;602;353;-;4656"
"""353710 PEDREIRA"";381;132;176;127;407;1574;1457;1253;1344;1661;1236;936;-;10684"
"""353715 PEDRINHAS PAULISTA"";40;11;29;21;22;78;96;100;136;144;98;49;-;824"
"""353720 PEDRO DE TOLEDO"";148;60;83;70;113;393;377;350;364;390;282;172;-;2802"
"""353730 PENAPOLIS"";905;656;469;374;662;2603;2522;2509;2643;2967;2474;1592;-;20376"
"""353740 PEREIRA BARRETO"";193;216;188;172;228;740;726;796;1100;1150;987;789;-;7285"
"""353750 PEREIRAS"";155;77;59;39;91;270;273;233;324;285;294;184;-;2284"
"""353760 PERUIBE"";1582;307;428;392;792;2944;2667;1909;1855;2291;1923;1089;-;18179"
"""353770 PIACATU"";40;30;24;16;85;113;158;139;143;177;151;146;-;1222"
"""353780 PIEDADE"";839;513;377;251;675;2430;1981;1571;1957;2168;1832;1586;-;16180"
"""353790 PILAR DO SUL"";317;317;241;158;410;1286;1098;832;981;1106;894;650;-;8290"
"""353800 PINDAMONHANGABA"";2148;1391;1204;737;1606;6678;5086;4034;4186;5594;4668;2068;-;39400"
"""353810 PINDORAMA"";116;45;43;44;103;371;422;452;529;725;721;454;-;4025"
"""353820 PINHALZINHO"";154;95;118;83;127;513;452;480;565;778;615;430;-;4410"
"""353830 PIQUEROBI"";46;56;36;33;41;105;143;109;173;195;143;119;-;1199"
"""353850 PIQUETE"";81;78;61;60;100;330;284;278;497;698;533;234;-;3234"
"""353860 PIRACAIA"";221;166;136;92;258;1002;846;723;945;1249;961;904;-;7503"
"""353870 PIRACICABA"";4293;3074;2790;1594;3411;14208;12394;10576;11589;14292;11246;5048;-;94515"
"""353880 PIRAJU"";405;304;267;168;407;1143;1148;1094;1264;1893;1636;1184;-;10913"
"""353890 PIRAJUI"";295;201;169;139;243;978;1007;1015;914;1140;947;710;-;7758"
"""353900 PIRANGI"";130;149;125;75;141;426;493;575;669;824;722;535;-;4864"
"""353910 PIRAPORA DO BOM JESUS"";343;252;197;104;191;772;640;496;441;440;271;147;-;4294"
"""353920 PIRAPOZINHO"";332;131;211;122;264;896;814;757;976;1233;1003;573;-;7312"
"""353930 PIRASSUNUNGA"";709;397;332;243;617;2055;1901;1607;1979;2495;2191;1609;-;16135"
"""353940 PIRATININGA"";190;130;136;87;153;576;528;528;601;802;786;524;-;5041"
"""353950 PITANGUEIRAS"";425;256;278;168;409;1460;1547;1183;1414;1628;1190;913;-;10871"
"""353960 PLANALTO"";96;39;49;14;74;230;228;224;274;308;242;155;-;1933"
"""353970 PLATINA"";29;28;33;15;43;161;137;101;132;126;126;75;-;1006"
"""353980 POA"";698;600;541;378;618;2847;2686;2315;2569;3178;2132;980;-;19542"
"""353990 POLONI"";85;87;62;35;103;295;318;313;383;424;346;374;-;2825"
"""354000 POMPEIA"";144;83;88;94;161;573;644;817;722;863;763;566;-;5518"
"""354010 PONGAI"";24;19;18;26;22;84;78;132;164;141;159;156;-;1023"
"""354020 PONTAL"";484;467;372;179;392;1462;1515;1496;1788;2030;1498;831;-;12514"
"""354025 PONTALINDA"";44;38;40;27;71;221;214;190;149;245;139;132;-;1510"
"""354030 PONTES GESTAL"";17;13;30;20;19;74;65;80;126;150;182;96;-;872"
"""354040 POPULINA"";28;20;33;27;52;116;175;195;292;275;326;265;-;1804"
"""354050 PORANGABA"";119;77;58;39;92;252;256;225;333;483;410;217;-;2561"
"""354060 PORTO FELIZ"";412;388;358;266;511;2119;2021;1831;2225;2780;2386;1272;-;16569"
"""354070 PORTO FERREIRA"";448;288;371;230;570;1872;1761;1385;1717;2104;1845;958;-;13549"
"""354075 POTIM"";213;159;138;101;246;778;682;631;745;831;648;382;-;5554"
"""354080 POTIRENDABA"";278;134;155;118;300;948;997;944;1153;1324;1197;1090;-;8638"
"""354085 PRACINHA"";20;15;20;18;13;95;87;76;75;126;100;51;-;696"
"""354090 PRADOPOLIS"";224;86;123;79;147;537;502;492;632;669;528;302;-;4321"
"""354100 PRAIA GRANDE"";7175;2088;1717;1230;2687;10941;8536;6150;5696;6904;5194;2223;-;60541"
"""354105 PRATANIA"";168;86;55;31;68;315;266;165;208;210;148;103;-;1823"
"""354110 PRESIDENTE ALVES"";66;38;42;20;34;120;132;106;189;255;196;140;-;1338"
"""354120 PRESIDENTE BERNARDES"";122;55;101;80;189;537;768;813;1176;1326;1337;1036;-;7540"
"""354130 PRESIDENTE EPITACIO"";355;332;348;249;562;1882;1673;1881;2215;2711;2121;1608;-;15937"
"""354140 PRESIDENTE PRUDENTE"";3213;1179;1230;1000;2048;8022;7292;6986;8413;10952;8589;4982;-;63906"
"""354150 PRESIDENTE VENCESLAU"";326;268;273;237;386;1270;1237;1381;1683;1989;1502;1283;-;11835"
"""354160 PROMISSAO"";322;288;287;221;458;1413;1391;1368;1507;1863;1442;1070;-;11630"
"""354165 QUADRA"";22;44;24;12;43;130;84;96;110;117;74;58;-;814"
"""354170 QUATA"";98;83;120;110;189;482;466;339;571;713;527;416;-;4114"
"""354180 QUEIROZ"";42;27;43;34;39;157;137;131;141;134;105;123;-;1113"
"""354190 QUELUZ"";109;80;62;63;114;401;294;329;330;437;421;313;-;2953"
"""354200 QUINTANA"";87;38;50;25;56;220;275;225;184;228;195;177;-;1760"
"""354210 RAFARD"";55;39;50;23;81;303;258;308;245;369;228;143;-;2102"
"""354220 RANCHARIA"";315;481;500;293;414;1551;1496;1481;1802;2269;1634;1129;-;13365"
"""354230 REDENCAO DA SERRA"";52;37;50;50;67;162;157;163;174;251;205;51;-;1419"
"""354240 REGENTE FEIJO"";251;82;130;113;237;795;836;956;1229;1550;1193;927;-;8299"
"""354250 REGINOPOLIS"";123;68;65;36;44;354;276;229;253;330;327;243;-;2348"
"""354260 REGISTRO"";588;556;624;423;675;2638;2464;2261;1827;1884;1606;1075;-;16621"
"""354270 RESTINGA"";73;64;59;34;84;311;308;272;233;276;208;131;-;2053"
"""354280 RIBEIRA"";43;33;17;11;30;122;100;93;112;126;95;77;-;859"
"""354290 RIBEIRAO BONITO"";92;186;137;70;101;403;432;413;459;469;479;350;-;3591"
"""354300 RIBEIRAO BRANCO"";325;179;152;103;247;860;738;529;518;608;500;294;-;5053"
"""354310 RIBEIRAO CORRENTE"";56;83;78;72;45;174;177;180;146;139;119;111;-;1380"
"""354320 RIBEIRAO DO SUL"";56;25;33;22;50;194;189;165;138;196;157;134;-;1359"
"""354323 RIBEIRAO DOS INDIOS"";17;7;9;10;20;116;44;93;145;169;257;163;-;1050"
"""354325 RIBEIRAO GRANDE"";90;61;70;56;75;327;248;156;200;222;261;221;-;1987"
"""354330 RIBEIRAO PIRES"";533;432;457;357;583;2820;2559;2491;2936;3758;3146;1881;-;21953"
"""354340 RIBEIRAO PRETO"";10343;5113;4651;3478;5029;22208;21800;20332;22374;28663;21757;13140;-;178888"
"""354350 RIVERSUL"";53;23;35;20;66;207;151;108;140;222;152;75;-;1252"
"""354360 RIFAINA"";35;26;18;12;36;128;132;158;159;175;125;83;-;1087"
"""354370 RINCAO"";86;52;66;28;105;341;296;328;409;500;461;212;-;2884"
"""354380 RINOPOLIS"";91;69;65;48;115;344;316;317;328;531;549;634;-;3407"
"""354390 RIO CLARO"";1744;1027;969;653;1378;5616;4339;3867;4815;6276;4763;2304;-;37751"
"""354400 RIO DAS PEDRAS"";271;218;197;155;334;984;1152;1052;1175;1516;1108;665;-;8827"
"""354410 RIO GRANDE DA SERRA"";284;166;228;203;399;1381;999;950;1153;1194;839;397;-;8193"
"""354420 RIOLANDIA"";121;57;69;38;100;401;309;298;391;430;411;250;-;2875"
"""354425 ROSANA"";263;237;266;172;312;1018;944;1316;1522;1839;1808;1226;-;10923"
"""354430 ROSEIRA"";92;69;106;62;97;390;412;457;363;547;515;198;-;3308"
"""354440 RUBIACEA"";31;18;19;15;19;67;81;82;103;120;110;83;-;748"
"""354450 RUBINEIA"";33;38;41;14;41;142;166;179;305;365;345;192;-;1861"
"""354460 SABINO"";28;36;42;25;44;180;248;192;267;281;274;188;-;1805"
"""354470 SAGRES"";36;62;22;19;37;94;70;69;124;142;111;102;-;888"
"""354480 SALES"";62;33;35;26;73;199;259;230;345;496;345;245;-;2348"
"""354490 SALES OLIVEIRA"";59;45;75;69;84;394;434;386;442;518;350;296;-;3152"
"""354500 SALESOPOLIS"";150;140;118;103;224;722;661;539;623;808;858;604;-;5550"
"""354510 SALMOURAO"";57;37;42;30;68;201;169;199;185;245;289;276;-;1798"
"""354515 SALTINHO"";81;67;55;47;76;246;293;286;304;397;376;128;-;2356"
"""354520 SALTO"";1129;490;569;389;1041;4208;3696;2933;3207;4113;3222;2389;-;27386"
"""354530 SALTO DE PIRAPORA"";477;273;346;254;410;1774;1626;1338;1430;1894;1492;1119;-;12433"
"""354540 SALTO GRANDE"";127;120;105;69;193;463;414;456;526;603;561;476;-;4113"
"""354550 SANDOVALINA"";68;24;19;29;45;166;192;203;214;343;233;123;-;1659"
"""354560 SANTA ADELIA"";199;108;54;65;92;428;374;567;713;898;736;631;-;4865"
"""354570 SANTA ALBERTINA"";76;66;60;34;65;251;265;261;342;459;378;301;-;2558"
"""354580 SANTA BARBARA D'OESTE"";1459;797;755;488;1161;5117;4486;3418;3992;5662;4474;2154;-;33963"
"""354600 SANTA BRANCA"";162;156;121;66;135;465;401;356;522;587;483;269;-;3723"
"""354610 SANTA CLARA D'OESTE"";28;17;15;25;37;129;130;118;153;177;133;121;-;1083"
"""354620 SANTA CRUZ DA CONCEICAO"";32;20;30;16;36;110;178;126;152;216;222;134;-;1272"
"""354625 SANTA CRUZ DA ESPERANCA"";32;15;38;18;36;110;119;126;174;195;200;168;-;1231"
"""354630 SANTA CRUZ DAS PALMEIRAS"";354;327;280;146;282;1102;987;868;939;1041;821;612;-;7759"
"""354640 SANTA CRUZ DO RIO PARDO"";887;569;469;330;565;1995;2027;1841;2092;2587;2517;1830;-;17709"
"""354650 SANTA ERNESTINA"";63;56;27;39;47;183;207;178;219;251;174;129;-;1573"
"""354660 SANTA FE DO SUL"";411;311;247;228;369;1454;1497;1564;1957;2090;1945;1298;-;13371"
"""354670 SANTA GERTRUDES"";195;163;206;102;221;883;737;606;613;624;485;226;-;5061"
"""354680 SANTA ISABEL"";474;303;319;196;686;2301;1726;1582;1862;1984;1748;1212;-;14393"
"""354690 SANTA LUCIA"";39;18;29;15;43;229;198;166;212;334;291;130;-;1704"
"""354700 SANTA MARIA DA SERRA"";109;109;49;37;84;262;259;220;260;247;195;103;-;1934"
"""354710 SANTA MERCEDES"";38;22;24;13;27;97;122;116;109;143;108;136;-;955"
"""354720 SANTANA DA PONTE PENSA"";4;2;21;14;8;39;53;56;91;131;126;111;-;656"
"""354730 SANTANA DE PARNAIBA"";2489;1751;1562;871;1413;6247;5578;4448;4275;4532;3501;1605;-;38272"
"""354740 SANTA RITA D'OESTE"";27;24;17;17;38;97;110;117;161;184;208;126;-;1126"
"""354750 SANTA RITA DO PASSA QUATRO"";149;137;124;100;213;719;789;853;1085;1385;1251;972;-;7777"
"""354760 SANTA ROSA DE VITERBO"";262;249;227;152;244;856;973;1045;1263;1787;1925;1169;-;10152"
"""354765 SANTA SALETE"";11;11;8;10;26;56;58;65;93;115;97;96;-;646"
"""354770 SANTO ANASTACIO"";248;118;103;144;443;1241;1144;1355;1899;2052;1632;1454;-;11833"
"""354780 SANTO ANDRE"";5409;3821;3637;2682;4438;19185;18788;18164;21584;27257;22870;14742;-;162577"
"""354790 SANTO ANTONIO DA ALEGRIA"";150;165;115;97;119;394;394;335;479;613;550;366;-;3777"
"""354800 SANTO ANTONIO DE POSSE"";222;195;131;107;273;896;787;610;581;678;462;216;-;5158"
"""354805 SANTO ANTONIO DO ARACANGUA"";65;45;40;44;52;179;190;225;264;294;190;140;-;1728"
"""354810 SANTO ANTONIO DO JARDIM"";71;60;56;30;73;292;217;239;254;290;257;179;-;2018"
"""354820 SANTO ANTONIO DO PINHAL"";77;74;68;59;71;279;295;243;266;320;212;111;-;2075"
"""354830 SANTO EXPEDITO"";34;16;17;19;58;121;141;174;194;263;250;150;-;1437"
"""354840 SANTOPOLIS DO AGUAPEI"";30;28;17;13;50;117;108;94;122;119;74;48;-;820"
"""354850 SANTOS"";4007;1751;1549;1227;2523;10535;9225;8131;9235;13208;10331;5949;-;77671"
"""354860 SAO BENTO DO SAPUCAI"";114;72;117;81;80;401;355;406;422;567;489;402;-;3506"
"""354870 SAO BERNARDO DO CAMPO"";6746;4381;4184;2959;5322;22782;22042;19487;22472;27618;20249;11089;-;169331"
"""354880 SAO CAETANO DO SUL"";1400;1382;1293;876;925;3542;4562;5150;5936;9107;8854;8436;-;51463"
"""354890 SAO CARLOS"";2801;2165;1889;1174;2023;8393;7613;7369;8448;10947;8546;5516;-;66884"
"""354900 SAO FRANCISCO"";28;30;39;11;24;100;105;121;90;166;179;186;-;1079"
"""354910 SAO JOAO DA BOA VISTA"";511;361;376;312;788;3006;2879;2750;2939;3435;2703;1891;-;21951"
"""354920 SAO JOAO DAS DUAS PONTES"";49;22;28;24;41;128;115;142;162;181;172;135;-;1199"
"""354925 SAO JOAO DE IRACEMA"";23;16;26;10;17;75;59;67;59;93;109;76;-;630"
"""354930 SAO JOAO DO PAU D'ALHO"";28;44;6;5;15;58;53;62;74;167;123;169;-;804"
"""354940 SAO JOAQUIM DA BARRA"";334;205;204;194;425;1751;1685;1434;1562;1786;1561;971;-;12112"
"""354950 SAO JOSE DA BELA VISTA"";79;54;63;35;69;308;231;185;261;259;224;118;-;1886"
"""354960 SAO JOSE DO BARREIRO"";36;37;34;26;47;141;136;102;125;139;111;75;-;1009"
"""354970 SAO JOSE DO RIO PARDO"";351;335;443;292;543;2200;2087;1927;2336;3106;2714;1731;-;18065"
"""354980 SAO JOSE DO RIO PRETO"";5618;2870;3464;2633;4682;19950;19220;18627;19826;22460;15579;9435;-;144364"
"""354990 SAO JOSE DOS CAMPOS"";5583;4682;4916;3193;5601;22493;19049;16595;18890;25030;19767;10780;-;156579"
"""354995 SAO LOURENCO DA SERRA"";286;226;191;83;154;634;661;592;629;772;557;251;-;5036"
"""355000 SAO LUIS DO PARAITINGA"";81;78;99;39;85;392;394;340;409;548;485;416;-;3366"
"""355010 SAO MANUEL"";525;343;229;191;332;1327;1205;1246;1416;1825;1525;1070;-;11234"
"""355020 SAO MIGUEL ARCANJO"";207;157;187;126;355;1275;1125;1122;1127;1451;1152;959;-;9243"
"""355030 SAO PAULO"";140074;93887;79146;51673;88307;376431;339022;282543;292059;330637;244370;141982;-;2460131"
"""355040 SAO PEDRO"";356;338;331;236;481;1887;1768;2002;1944;2416;2240;1017;-;15016"
"""355050 SAO PEDRO DO TURVO"";89;50;61;35;106;310;288;244;235;266;201;114;-;1999"
"""355060 SAO ROQUE"";638;409;434;366;762;2898;2616;2210;2138;2710;2313;1674;-;19168"
"""355070 SAO SEBASTIAO"";1372;1201;1059;558;1248;5082;5271;4915;4386;4557;3398;1887;-;34934"
"""355080 SAO SEBASTIAO DA GRAMA"";76;73;91;51;149;462;481;492;514;767;516;528;-;4200"
"""355090 SAO SIMAO"";174;96;113;67;130;424;551;516;644;916;852;536;-;5019"
"""355100 SAO VICENTE"";3973;1982;1437;1201;3044;12280;9466;6602;7208;9154;7276;3530;-;67153"
"""355110 SARAPUI"";86;48;39;49;99;380;377;259;295;324;274;183;-;2413"
"""355120 SARUTAIA"";47;37;25;29;104;172;149;134;167;230;197;139;-;1430"
"""355130 SEBASTIANOPOLIS DO SUL"";29;17;10;9;15;88;96;82;122;219;240;202;-;1129"
"""355140 SERRA AZUL"";145;68;70;48;107;502;599;445;538;575;311;240;-;3648"
"""355150 SERRANA"";752;359;367;263;595;2261;2260;1743;1873;2276;1700;1185;-;15634"
"""355160 SERRA NEGRA"";258;137;192;166;300;1012;961;1055;1270;1287;1136;1035;-;8809"
"""355170 SERTAOZINHO"";1389;782;699;574;1116;4462;4405;4243;4540;4920;3531;1846;-;32507"
"""355180 SETE BARRAS"";118;129;118;74;247;666;594;528;488;516;433;226;-;4137"
"""355190 SEVERINIA"";118;89;81;54;156;480;407;424;489;498;361;291;-;3448"
"""355200 SILVEIRAS"";85;77;70;65;105;250;253;273;255;293;267;205;-;2198"
"""355210 SOCORRO"";459;400;371;302;504;1690;1802;1915;2097;2783;2408;1944;-;16675"
"""355220 SOROCABA"";7576;4469;4063;2442;5072;22336;16980;13384;14403;18468;14389;8820;-;132402"
"""355230 SUD MENNUCCI"";91;53;41;22;69;239;223;214;320;359;290;230;-;2151"
"""355240 SUMARE"";2963;1431;1431;972;2068;8245;7274;5634;5877;7519;5824;2396;-;51634"
"""355250 SUZANO"";2616;1515;1500;960;2347;10503;8315;6041;6123;7162;5158;2328;-;54568"
"""355255 SUZANAPOLIS"";12;24;18;19;37;78;74;74;116;155;133;126;-;866"
"""355260 TABAPUA"";103;120;94;79;146;447;458;587;795;976;1064;795;-;5664"
"""355270 TABATINGA"";143;183;142;110;226;717;609;799;777;1127;831;642;-;6306"
"""355280 TABOAO DA SERRA"";3522;3143;2908;1638;2524;10239;8653;8106;8155;9069;6525;3007;-;67489"
"""355290 TACIBA"";138;43;57;60;100;322;346;307;405;434;362;230;-;2804"
"""355300 TAGUAI"";284;176;131;88;199;703;725;553;573;561;527;365;-;4885"
"""355310 TAIACU"";76;69;59;39;70;288;291;242;268;282;218;175;-;2077"
"""355320 TAIUVA"";54;58;72;34;34;264;244;226;248;307;214;150;-;1905"
"""355330 TAMBAU"";182;218;186;130;275;1026;944;888;991;1041;761;635;-;7277"
"""355340 TANABI"";385;375;300;176;323;1150;1140;1236;1565;2109;1827;1571;-;12157"
"""355350 TAPIRAI"";80;70;49;22;83;301;198;158;187;208;166;91;-;1613"
"""355360 TAPIRATIBA"";68;85;93;73;125;389;409;461;519;667;494;454;-;3837"
"""355365 TAQUARAL"";20;34;37;23;31;80;94;104;121;168;124;73;-;909"
"""355370 TAQUARITINGA"";838;831;643;389;825;2759;2463;2662;2785;2953;2170;1347;-;20665"
"""355380 TAQUARITUBA"";444;451;324;238;405;1506;1382;1013;1154;1383;1041;819;-;10160"
"""355385 TAQUARIVAI"";82;49;56;31;90;236;234;121;151;183;114;69;-;1416"
"""355390 TARABAI"";116;42;69;59;110;374;394;381;426;624;377;227;-;3199"
"""355395 TARUMA"";138;106;154;94;137;627;634;525;542;562;397;254;-;4170"
"""355400 TATUI"";1270;572;534;413;1176;4925;3887;2887;2910;3203;2638;1647;-;26062"
"""355410 TAUBATE"";2488;2148;2098;1460;2583;9964;8464;7426;8167;10549;8439;3440;-;67226"
"""355420 TEJUPA"";79;36;31;35;99;205;125;153;152;236;240;143;-;1534"
"""355430 TEODORO SAMPAIO"";341;338;268;186;371;1094;945;1013;1396;1653;1499;954;-;10058"
"""355440 TERRA ROXA"";76;46;91;81;61;261;224;284;367;445;339;245;-;2520"
"""355450 TIETE"";414;238;158;99;403;1523;1386;1058;1184;1234;1145;910;-;9752"
"""355460 TIMBURI"";38;18;30;15;50;97;130;118;110;203;177;126;-;1112"
"""355465 TORRE DE PEDRA"";48;21;23;27;31;103;87;81;109;142;155;116;-;943"
"""355470 TORRINHA"";95;121;113;92;72;234;278;268;339;486;391;328;-;2817"
"""355475 TRABIJU"";12;18;19;15;21;85;54;98;86;76;50;47;-;581"
"""355480 TREMEMBE"";309;235;292;225;368;1460;1247;1044;980;1419;1137;471;-;9187"
"""355490 TRES FRONTEIRAS"";51;31;50;50;67;306;288;261;335;424;364;286;-;2513"
"""355495 TUIUTI"";54;28;36;22;49;174;184;212;217;288;304;217;-;1785"
"""355500 TUPA"";542;415;430;265;622;2717;2669;2507;2829;3607;3135;2713;-;22451"
"""355510 TUPI PAULISTA"";177;166;114;82;113;402;472;472;686;962;947;829;-;5422"
"""355520 TURIUBA"";11;17;18;6;11;51;49;65;62;67;89;62;-;508"
"""355530 TURMALINA"";23;6;12;3;9;52;67;61;120;175;151;93;-;772"
"""355535 UBARANA"";163;55;48;28;90;364;283;285;331;325;350;260;-;2582"
"""355540 UBATUBA"";1083;805;1087;659;1362;5650;5361;5050;4838;5271;4004;2183;-;37353"
"""355550 UBIRAJARA"";115;77;52;28;62;220;176;143;134;155;142;82;-;1386"
"""355560 UCHOA"";134;53;45;50;98;335;360;323;478;647;564;306;-;3393"
"""355570 UNIAO PAULISTA"";38;28;27;9;43;127;92;110;135;119;105;82;-;915"
"""355580 URANIA"";94;64;72;38;132;400;463;445;644;731;711;688;-;4482"
"""355590 URU"";17;15;13;10;3;44;37;63;56;104;70;68;-;500"
"""355600 URUPES"";173;57;77;65;142;523;605;728;697;1093;917;845;-;5922"
"""355610 VALENTIM GENTIL"";190;176;149;81;188;584;623;562;574;766;541;416;-;4850"
"""355620 VALINHOS"";661;513;583;404;692;2708;2635;2496;3019;3526;3110;2037;-;22384"
"""355630 VALPARAISO"";271;148;156;95;203;844;736;700;614;691;699;620;-;5777"
"""355635 VARGEM"";125;60;73;37;96;368;302;287;330;412;333;171;-;2594"
"""355640 VARGEM GRANDE DO SUL"";503;369;378;291;506;2040;2011;1944;2141;2412;2012;1198;-;15805"
"""355645 VARGEM GRANDE PAULISTA"";524;482;494;301;497;2302;2038;1554;1512;1784;1410;682;-;13580"
"""355650 VARZEA PAULISTA"";729;346;321;345;772;2715;2293;2077;2346;3303;2500;1116;-;18863"
"""355660 VERA CRUZ"";154;104;83;68;118;349;292;302;335;446;400;312;-;2963"
"""355670 VINHEDO"";681;636;531;350;667;2617;2678;2771;2992;3335;3241;1992;-;22491"
"""355680 VIRADOURO"";175;118;104;92;164;648;561;582;644;964;910;693;-;5655"
"""355690 VISTA ALEGRE DO ALTO"";149;97;72;66;112;356;298;290;277;275;246;126;-;2364"
"""355695 VITORIA BRASIL"";22;16;12;11;21;96;75;76;78;138;83;72;-;700"
"""355700 VOTORANTIM"";1073;794;721;449;1063;4321;3619;2904;3042;3706;2898;1436;-;26026"
"""355710 VOTUPORANGA"";1139;775;561;447;785;3415;3257;2943;3818;4759;4015;2978;-;28892"
"""355715 ZACARIAS"";26;16;26;19;37;108;108;165;164;241;197;118;-;1225"
"""355720 CHAVANTES"";177;171;156;131;290;758;735;682;854;919;938;618;-;6429"
"""355730 ESTIVA GERBI"";133;81;63;37;103;378;417;276;301;435;303;144;-;2671"
"""Total"";528899;341806;306829;208714;394838;1567223;1406270;1233721;1338770;1600802;1263160;772110;1;10963143"
&
