"""MunicĪpio"";""2021/Jan"";""2021/Fev"";""2021/Mar"";""2021/Mai"";""2021/Jun"";""2021/Jul"";""2021/Ago"";""2021/Set"";""2021/Out"";""2021/Nov"";""2021/Dez"";""2022/Jan"";""2022/Fev"";""2022/Mar"";""2022/Abr"";""2022/Mai"";""2022/Jun"";""2022/Jul"";""2022/Ago"";""2022/Set"";""2022/Out"";""2022/Nov"";""2022/Dez"";""2023/Jan"";""2023/Fev"";""2023/Mar"";""2023/Abr"";""2023/Mai"";""2023/Jun"";""2023/Jul"";""2023/Ago"";""2023/Set"";""2023/Out"";""2023/Nov"";""2023/Dez"";""2024/Jan"";""2024/Fev"";""2024/Mar"";""2024/Abr"";""2024/Mai"";""2024/Jun"";""2024/Jul"";""2024/Ago"";""2024/Set"";""2024/Out"";""2024/Nov"";""2024/Dez"";""2025/Jan"";""2025/Fev"";""2025/Mar"";""2025/Abr"";""2025/Mai"";""2025/Jun"";""2025/Jul"";""2025/Ago"";""2025/Set"";""2025/Out"";""2025/Nov"";""2025/Dez"";""2026/Jan"";""Total"""
"""350010 ADAMANTINA"";-;-;-;-;-;-;-;-;-;-;33;351;347;354;352;347;356;370;365;337;357;366;337;400;364;501;416;400;356;383;407;364;404;361;355;367;401;411;469;428;474;493;467;453;412;406;389;435;396;445;460;510;450;472;427;486;484;419;423;409;19969"
"""350030 AGUAI"";-;-;-;-;-;-;-;-;-;-;-;-;-;-;-;-;-;-;-;4;3;3;6;6;2;41;38;40;42;36;48;39;36;36;39;4;22;38;35;49;41;41;35;37;49;49;49;59;35;57;52;70;54;44;35;36;25;23;-;-;1358"
"""350050 AGUAS DE LINDOIA"";-;-;-;-;-;-;-;3;26;63;82;124;77;86;99;111;91;92;87;73;89;100;96;103;89;81;108;80;106;73;77;87;93;107;138;101;118;124;146;123;95;106;118;110;123;112;84;94;95;119;94;96;96;114;94;68;88;91;85;38;4973"
"""350070 AGUDOS"";-;-;-;-;-;-;-;-;-;-;4;113;116;124;102;114;129;89;106;102;84;80;84;79;90;101;119;131;84;91;109;75;97;98;83;85;108;111;119;117;114;96;108;102;113;88;72;97;106;115;118;107;117;101;103;102;100;83;74;71;4931"
"""350100 ALTINOPOLIS"";-;-;-;-;-;-;-;-;-;-;5;92;85;82;75;105;91;104;111;114;94;113;93;98;88;114;99;166;145;111;217;175;147;170;150;159;122;158;162;173;172;140;195;158;179;180;159;169;147;173;198;202;175;180;157;166;193;146;128;-;6835"
"""350110 ALTO ALEGRE"";-;-;-;-;-;-;-;-;-;-;1;10;8;7;5;7;9;6;9;7;3;4;4;5;5;5;5;6;4;2;5;4;4;2;5;5;5;12;1;-;-;-;-;-;-;-;4;5;9;17;13;13;9;3;1;10;1;1;-;5;246"
"""350130 ALVARES MACHADO"";-;-;-;-;-;-;-;-;-;-;-;64;53;50;40;52;51;52;46;39;59;55;79;99;100;93;77;67;58;56;70;68;55;62;55;56;57;66;67;77;71;57;68;82;61;60;45;73;77;86;67;77;60;59;60;74;53;59;63;75;3150"
"""350160 AMERICANA"";-;-;-;-;-;-;2;32;150;202;364;590;511;562;459;539;441;514;494;482;486;566;506;497;489;532;498;572;590;590;628;560;582;583;531;654;636;723;706;743;714;763;733;708;704;712;687;732;839;842;853;897;817;905;850;827;797;748;634;580;32356"
"""350170 AMERICO BRASILIENSE"";-;-;-;-;-;-;-;-;-;1;33;548;382;487;588;640;544;556;647;654;697;680;474;574;437;598;433;516;536;546;652;568;557;535;392;723;623;630;636;671;543;666;603;567;656;556;312;564;561;582;633;640;525;590;528;548;652;557;341;518;27700"
"""350190 AMPARO"";-;-;-;-;-;-;-;2;5;25;84;380;353;371;353;379;367;340;371;346;309;362;314;358;356;432;355;405;408;419;371;328;369;370;348;406;415;421;340;395;410;418;369;469;496;335;452;519;474;465;390;409;429;411;413;331;405;391;383;362;19188"
"""350210 ANDRADINA"";-;-;-;-;-;-;-;-;-;7;63;318;227;246;238;248;254;272;247;237;215;258;254;215;207;253;233;202;255;252;230;259;253;161;211;244;226;236;305;287;291;293;293;301;322;314;286;310;258;261;286;328;266;326;300;271;256;272;280;239;12866"
"""350220 ANGATUBA"";-;-;-;-;-;-;-;-;-;-;15;137;114;111;132;132;110;141;148;122;130;134;126;102;92;131;111;133;132;149;108;119;96;119;90;90;91;126;155;144;142;133;145;132;117;103;98;134;181;177;189;179;160;159;151;125;137;138;128;114;6382"
"""350250 APARECIDA"";-;-;-;-;-;-;1;1;5;15;66;321;177;240;252;265;327;437;331;386;364;333;235;305;377;459;334;416;376;414;380;379;486;321;256;294;265;310;398;716;531;436;447;332;352;298;248;330;348;340;371;413;355;390;379;420;419;585;515;375;18126"
"""350260 APARECIDA D'OESTE"";-;-;-;-;-;-;-;-;-;-;1;1;6;18;10;11;1;4;1;-;1;2;1;2;5;5;9;5;2;2;1;1;1;1;2;3;3;2;6;5;10;5;9;11;2;8;14;23;10;7;4;6;7;6;11;3;4;7;6;-;265"
"""350270 APIAI"";-;-;-;-;-;-;-;-;-;7;19;290;174;240;226;233;180;159;229;195;183;213;201;212;195;209;211;210;211;236;217;209;204;201;215;208;194;246;250;223;297;264;227;281;254;223;256;248;218;249;263;349;292;291;256;296;300;289;311;264;11628"
"""350280 ARACATUBA"";-;-;-;-;-;1;3;2;4;27;336;1139;951;1138;1088;1188;1067;1092;1155;1079;1140;1114;1035;1098;1017;1186;1118;1163;1125;1145;1176;1095;1074;1051;992;1086;970;1126;1038;1063;1051;1052;1114;1062;1127;1042;1023;1040;1133;1183;1164;1127;1162;1189;1172;1190;1229;1047;1028;822;54039"
"""350310 ARANDU"";-;-;-;-;-;-;-;-;-;-;-;13;7;6;8;6;9;8;7;7;11;7;5;5;8;7;4;11;8;6;8;9;12;10;5;9;10;11;8;-;13;8;11;7;2;5;7;10;3;8;10;8;7;8;11;12;10;9;8;10;392"
"""350320 ARARAQUARA"";-;-;-;-;-;-;-;-;3;49;495;1205;1046;1229;1191;1184;1032;1065;1144;1221;1251;1132;1164;1290;1095;1366;1245;1291;1203;1256;1347;1281;1274;1279;1308;1601;1589;1813;1871;1698;1729;1803;1729;1874;2158;1845;1619;1689;1630;1762;1715;1654;1636;1719;1714;1823;1908;1763;1485;1048;72521"
"""350330 ARARAS"";-;-;-;-;-;-;-;-;1;2;84;586;482;589;578;646;596;565;553;506;497;451;431;467;428;466;442;493;498;446;524;475;501;485;408;537;463;495;545;594;546;493;488;475;537;463;494;490;512;611;712;644;595;607;607;631;665;664;622;584;26274"
"""350340 AREALVA"";-;-;-;-;-;-;-;-;-;-;-;16;17;10;10;16;18;19;19;18;11;11;11;9;11;7;7;11;12;12;10;11;12;11;-;19;8;8;12;10;5;12;19;11;20;9;16;16;18;18;31;23;31;21;25;26;18;16;17;16;714"
"""350390 ARUJA"";-;-;-;-;-;-;-;-;-;-;27;153;145;118;130;142;141;138;154;151;146;137;164;115;128;163;161;172;150;137;112;140;144;153;151;145;136;141;167;160;149;174;169;168;152;129;153;184;117;126;-;-;-;-;-;-;-;-;-;-;5742"
"""350400 ASSIS"";-;-;-;-;-;-;-;-;8;26;171;581;633;681;658;724;681;687;784;713;719;721;618;673;664;814;754;811;735;743;812;740;757;774;711;791;811;838;877;935;849;844;847;833;894;817;705;791;795;907;912;960;964;972;932;877;959;869;856;708;38936"
"""350410 ATIBAIA"";-;-;-;-;-;-;-;-;-;7;94;408;324;368;299;200;347;321;357;336;346;352;351;367;303;446;446;418;421;462;504;363;397;360;339;381;346;386;398;397;380;371;395;386;364;341;310;358;320;413;411;428;398;417;398;334;351;377;326;301;18223"
"""350420 AURIFLAMA"";-;-;-;-;-;-;-;-;-;-;5;114;108;131;113;111;96;85;104;115;117;95;139;94;83;86;93;101;113;119;130;120;152;123;139;135;140;152;208;200;168;187;205;250;221;216;192;262;250;235;242;257;194;208;228;221;216;176;215;201;7865"
"""350450 AVARE"";-;-;-;-;-;-;3;61;576;588;618;599;544;644;606;637;629;612;640;620;639;635;583;601;593;660;562;585;534;550;603;540;551;483;527;542;501;558;586;628;567;683;649;620;707;566;551;593;570;598;671;669;636;684;653;639;643;603;593;382;31115"
"""350520 BARIRI"";-;-;-;-;-;-;-;-;-;-;45;181;138;138;146;153;108;258;167;145;163;149;145;164;164;181;142;175;124;158;96;47;18;94;117;156;181;178;159;161;147;131;175;148;111;98;113;148;139;181;175;178;163;175;205;222;208;138;179;156;7441"
"""350530 BARRA BONITA"";-;-;-;-;-;-;-;-;-;-;14;146;118;144;139;145;178;188;160;129;152;121;156;144;160;186;160;172;163;140;169;124;152;161;124;150;143;151;179;174;180;151;152;180;180;182;149;186;165;153;180;214;207;216;202;182;181;168;153;95;7918"
"""350550 BARRETOS"";-;-;-;-;-;1;6;20;95;269;932;2118;1951;2185;1873;2260;1999;2228;2307;2291;2280;2130;2128;2331;2275;2666;2424;2726;2346;2565;2616;2394;2528;2382;2298;2610;2355;2553;2744;2540;2532;2695;2736;2541;2743;2412;2236;2654;2595;2686;2667;2843;2531;2910;2642;2782;2859;2498;2352;1602;120942"
"""350570 BARUERI"";-;-;-;-;-;-;-;1;20;277;728;2944;2533;3117;2928;3037;2618;2889;2955;2869;3011;2818;2534;3102;2792;3229;2958;3045;3063;2956;3025;2831;2862;2763;2425;2711;2693;3002;3076;3410;3738;3977;3661;3197;2973;2798;2295;2728;2829;3406;3487;3510;3169;3323;3426;3362;3664;3121;2926;2474;149286"
"""350580 BASTOS"";-;-;-;-;-;-;-;-;-;-;4;87;66;93;116;116;93;97;82;76;88;106;101;97;119;201;136;131;117;96;83;103;83;95;105;75;109;128;126;109;110;127;115;123;109;117;104;114;105;120;131;136;116;115;100;89;83;89;84;92;5217"
"""350590 BATATAIS"";-;-;-;-;-;-;-;-;-;-;23;310;325;359;372;382;316;468;459;338;418;446;392;306;304;419;341;447;469;303;428;411;368;377;319;329;319;350;378;387;371;388;409;399;428;301;303;351;341;398;376;430;362;350;345;306;307;268;303;236;17835"
"""350600 BAURU"";-;-;-;-;-;-;2;1;8;55;459;2717;2768;3107;3002;3455;3378;3262;3484;3224;3186;3204;3088;3292;3023;3660;3401;3534;3122;3384;3671;3494;3536;3386;3178;3467;3358;3620;3757;3622;3262;3409;3517;3593;3729;3237;3199;3236;3230;3473;3480;3500;3243;3560;3550;3475;3752;3611;3524;3078;165563"
"""350610 BEBEDOURO"";-;-;-;-;-;-;-;1;5;8;55;270;252;260;270;293;276;289;263;281;275;280;298;285;269;418;371;427;411;427;446;403;500;431;475;543;626;758;694;665;644;648;616;688;762;702;607;724;731;769;800;849;691;786;789;725;770;686;636;582;25730"
"""350630 BERNARDINO DE CAMPOS"";-;-;-;-;-;-;-;-;-;-;3;58;40;42;46;43;42;56;51;43;54;47;49;53;34;54;55;43;50;46;53;46;26;28;43;40;42;73;76;63;52;52;56;65;61;61;53;57;68;87;59;75;65;54;77;78;61;52;56;37;2625"
"""350635 BERTIOGA"";-;-;-;-;-;-;-;-;-;1;36;269;219;234;295;274;228;265;260;238;257;225;277;256;246;287;249;272;268;280;285;267;254;266;262;316;263;298;242;285;267;261;275;255;258;252;248;296;235;296;266;310;269;275;264;293;324;288;220;-;12826"
"""350640 BILAC"";-;-;-;-;-;-;-;-;-;-;15;31;28;20;10;15;8;15;17;6;14;13;10;2;7;5;14;9;16;17;8;25;12;7;10;12;8;13;14;9;25;18;17;27;19;22;29;29;16;18;14;16;23;26;29;12;11;-;17;15;773"
"""350650 BIRIGUI"";-;-;-;-;-;-;-;-;1;1;57;404;375;417;407;414;389;387;371;362;398;378;402;371;353;431;363;424;405;370;406;310;366;314;342;330;342;428;381;365;351;404;413;403;413;378;340;398;366;436;423;419;386;444;420;408;406;374;388;282;18916"
"""350670 BOA ESPERANCA DO SUL"";-;-;-;-;-;-;-;-;-;-;-;5;-;4;2;7;1;2;9;4;3;3;1;-;-;2;5;3;7;6;7;5;-;1;1;2;4;6;2;6;2;1;6;1;3;9;1;3;1;3;2;5;4;11;11;10;6;19;14;9;219"
"""350680 BOCAINA"";-;-;-;-;-;-;-;-;-;-;1;28;7;19;12;20;16;10;8;12;17;14;9;17;13;16;11;17;12;13;13;20;8;13;15;12;14;17;11;18;18;13;8;14;15;16;11;9;11;12;12;15;13;22;11;10;18;7;6;14;668"
"""350700 BOITUVA"";-;-;-;-;-;-;-;-;-;-;19;225;167;208;199;219;204;192;203;198;203;196;182;199;224;245;208;241;267;272;254;234;207;225;208;188;239;239;280;260;230;227;232;187;201;205;140;155;191;208;180;221;210;208;192;194;192;153;165;140;10236"
"""350710 BOM JESUS DOS PERDOES"";-;-;-;-;-;-;-;-;-;-;-;31;8;14;14;13;15;20;13;22;21;21;16;14;16;14;22;15;15;17;10;16;18;10;7;8;22;20;28;24;25;24;14;18;21;21;15;14;11;17;12;14;29;17;24;11;13;16;18;20;838"
"""350740 BORBOREMA"";-;-;-;-;-;-;-;-;-;-;4;67;60;83;96;89;71;66;59;59;53;60;62;52;41;53;76;82;57;61;55;67;54;38;42;63;48;65;61;75;63;66;58;75;71;68;44;59;70;99;97;80;88;80;69;65;76;58;62;35;3202"
"""350750 BOTUCATU"";-;-;-;-;-;-;14;102;270;374;985;2051;1780;2187;2172;2439;2256;2124;2380;2216;2208;2078;1985;2052;2060;2375;2120;2306;2124;2254;2360;2159;2192;2089;2073;2134;2201;2460;2563;2434;2374;2272;2429;2255;2408;2166;2128;2139;2235;2432;2365;2488;2331;2495;2604;2618;2656;2381;2212;1784;112349"
"""350760 BRAGANCA PAULISTA"";-;-;-;-;-;-;1;1;1;29;244;1339;1331;1479;1368;1509;1390;1431;1419;1340;1395;1402;1338;1445;1302;1568;1424;1597;1439;1586;1564;1508;1496;1530;1471;1527;1380;1542;1573;1653;1520;1544;1570;1618;1600;1489;1424;1590;1548;1585;1682;1615;1553;1589;1628;1645;1627;1609;1405;685;73148"
"""350790 BROTAS"";-;-;-;-;-;-;-;-;-;1;20;76;57;82;66;84;64;74;63;47;50;69;76;49;52;69;67;54;60;60;50;44;60;49;46;45;58;75;80;94;88;86;62;66;70;55;54;52;58;70;86;78;76;68;66;54;45;43;67;37;3122"
"""350810 BURITAMA"";-;-;-;-;-;-;-;-;-;-;3;51;57;47;57;58;51;53;44;51;50;48;35;45;49;51;60;76;58;60;42;45;47;64;40;31;35;48;63;71;74;61;60;56;65;60;61;75;106;90;107;119;105;116;125;125;147;104;116;88;3350"
"""350840 CABREUVA"";-;-;-;-;-;-;-;-;-;-;6;48;21;43;15;19;19;14;9;24;20;27;22;38;38;31;31;39;33;38;39;30;43;48;14;28;20;24;43;41;28;48;71;78;60;54;51;65;71;88;30;64;40;69;30;59;95;91;94;66;2117"
"""350850 CACAPAVA"";-;-;-;-;-;-;-;-;2;41;220;310;226;260;241;283;290;267;254;298;291;240;230;259;239;294;290;341;311;325;289;278;282;255;290;309;284;322;324;306;336;343;332;284;275;255;236;274;246;272;272;323;303;295;289;284;275;232;202;43;13822"
"""350860 CACHOEIRA PAULISTA"";-;-;-;-;-;-;-;-;-;-;7;86;59;46;60;68;63;62;53;82;65;47;49;48;50;63;59;61;59;64;61;36;59;53;46;41;50;31;-;-;-;-;-;-;-;-;-;-;-;-;-;-;-;-;-;-;-;-;-;-;1528"
"""350870 CACONDE"";-;-;-;-;-;-;-;-;-;-;5;82;100;93;91;93;88;94;96;103;94;81;78;64;79;89;99;95;107;101;100;87;105;86;110;112;93;135;134;120;103;113;113;108;121;92;70;89;100;150;157;199;107;190;175;193;161;168;124;64;5411"
"""350880 CAFELANDIA"";-;-;-;-;-;-;-;-;-;-;6;70;42;40;42;30;27;20;40;49;57;78;66;85;88;89;72;99;73;90;78;71;62;61;49;50;61;73;67;82;73;92;79;56;91;52;68;99;101;92;111;85;94;92;86;75;59;76;60;-;3358"
"""350900 CAIEIRAS"";-;-;-;-;-;-;-;-;1;4;168;394;341;394;308;392;321;304;286;318;340;347;335;344;355;356;366;373;362;308;298;289;328;339;329;294;295;360;419;395;359;359;392;344;339;372;345;357;362;464;422;458;425;424;383;396;392;362;342;173;17533"
"""350920 CAJAMAR"";-;-;-;-;-;-;-;-;-;2;25;162;117;104;50;106;226;244;248;257;256;226;186;213;238;265;214;203;196;289;312;276;235;234;148;251;237;269;310;282;313;281;327;274;283;226;231;282;292;303;311;303;338;324;331;308;305;274;250;124;12061"
"""350930 CAJOBI"";-;-;-;-;-;-;-;-;-;-;5;27;34;27;31;39;27;27;23;25;16;21;27;29;41;71;42;53;26;25;42;52;35;35;29;31;46;39;52;63;51;50;42;47;33;25;28;39;54;57;48;58;56;50;50;45;40;29;34;42;1918"
"""350940 CAJURU"";-;-;-;-;-;-;-;-;-;-;26;260;235;242;223;260;240;239;239;214;217;219;200;212;244;249;238;240;238;207;239;224;228;233;207;244;249;278;282;278;268;255;254;279;309;265;270;324;329;301;297;318;306;276;301;285;261;255;245;225;12527"
"""350950 CAMPINAS"";1;-;-;-;1;6;33;87;314;1155;4049;6638;6252;6912;6755;7097;6613;6630;7043;6573;6672;6565;6360;7199;6414;7483;6785;7375;6957;7201;7605;6912;7077;6676;6535;7314;6908;7232;7891;7895;7520;7669;7705;7614;7566;7027;6438;7533;7107;7483;7491;7629;7224;7477;7367;7544;7163;6114;4583;2315;345784"
"""350960 CAMPO LIMPO PAULISTA"";-;-;-;-;-;-;-;-;-;-;16;298;224;302;295;295;300;341;334;292;289;301;292;323;275;356;359;353;357;339;352;352;336;307;295;349;299;336;327;337;274;290;339;311;383;381;362;381;356;397;373;361;284;371;313;306;348;305;344;311;16021"
"""350970 CAMPOS DO JORDAO"";-;-;-;-;-;-;-;-;-;14;50;235;229;242;233;250;245;245;222;238;230;256;223;264;211;274;242;257;245;270;231;210;211;211;221;202;207;258;234;223;208;243;226;238;231;203;207;235;256;242;229;236;230;239;233;212;235;236;210;195;11427"
"""351000 CANDIDO MOTA"";-;-;-;-;-;-;-;-;-;-;-;119;123;120;132;157;139;203;217;130;166;164;177;154;169;197;174;239;177;176;181;190;192;186;143;150;146;151;175;194;164;197;239;247;223;182;135;209;199;189;170;179;217;219;216;246;198;187;140;168;8765"
"""351020 CAPAO BONITO"";-;-;-;-;-;-;-;-;-;-;11;251;192;248;247;262;194;236;231;202;243;215;226;200;179;241;233;240;286;243;239;237;211;195;170;216;152;240;231;235;341;226;282;228;234;211;194;220;182;230;237;262;252;256;235;258;251;226;238;-;11069"
"""351040 CAPIVARI"";-;-;-;-;-;-;-;1;-;1;21;189;171;203;152;212;219;215;242;215;233;218;199;244;218;203;190;221;215;241;230;206;193;222;196;204;222;273;235;262;251;239;245;236;233;218;234;174;202;242;255;254;212;258;250;233;254;209;109;85;10659"
"""351050 CARAGUATATUBA"";-;-;-;-;-;-;-;2;5;34;251;1223;1012;1282;1193;1407;1355;1359;1556;1641;1719;1683;1720;1718;1522;1789;1634;1876;1733;1581;1674;1650;1623;1723;1680;1758;1685;1854;1944;1973;1729;1849;1783;1793;1984;1758;1654;1850;1796;1954;1907;2037;1962;1911;2050;2029;2069;1944;1734;1672;84324"
"""351060 CARAPICUIBA"";-;-;-;-;-;-;-;-;1;32;406;1181;1013;1568;1462;1644;1481;1555;1630;1723;1838;1702;1541;1570;1383;1668;1468;1748;1666;1603;1665;1611;1660;1665;1637;1576;1599;1880;1753;1686;1725;1688;1706;1632;1693;1608;1559;1555;1547;1650;1596;1549;1500;1460;1318;1060;1430;1359;1401;1149;76800"
"""351070 CARDOSO"";-;-;-;-;-;-;-;-;-;-;1;23;28;20;24;32;45;51;59;35;45;36;22;26;39;43;33;52;52;32;45;41;39;39;31;26;36;43;36;40;27;34;38;32;41;41;28;36;58;47;41;57;44;33;28;50;35;41;31;18;1834"
"""351080 CASA BRANCA"";-;-;-;-;-;-;-;-;-;-;20;237;213;179;162;184;206;147;151;165;144;145;129;130;128;157;137;147;139;172;185;136;159;152;110;157;155;166;154;166;171;133;184;186;216;179;183;192;139;185;212;212;214;196;218;183;213;196;188;130;8362"
"""351100 CASTILHO"";-;-;-;-;-;-;-;-;-;-;2;57;27;29;33;34;41;28;46;24;25;41;30;15;28;48;46;33;31;35;39;46;30;36;38;44;38;37;39;29;22;30;30;32;39;35;42;97;103;110;98;113;94;90;111;101;113;82;73;68;2512"
"""351110 CATANDUVA"";-;-;-;-;-;-;-;-;4;59;399;1155;1200;1296;1194;1391;1296;1381;1382;1310;1342;1211;1193;1356;1234;1477;1278;1460;1433;1385;1469;1326;1452;1349;1318;1419;1415;1484;1630;1585;1484;1573;1470;1494;1606;1497;1433;1527;1624;1594;1637;1578;1524;1690;1574;1602;1600;1442;1501;1131;70464"
"""351140 CERQUEIRA CESAR"";-;-;-;-;-;-;-;-;-;-;5;84;63;84;95;119;108;88;94;114;98;71;79;61;82;108;105;133;95;72;112;97;110;90;85;90;90;112;125;144;177;163;174;166;166;135;115;133;136;154;156;158;155;151;125;135;138;105;124;124;5703"
"""351150 CERQUILHO"";-;-;-;-;-;-;-;-;-;-;3;60;62;68;64;56;46;35;50;32;44;59;90;45;32;105;115;72;77;56;88;66;70;71;32;25;20;24;41;23;38;35;34;45;40;42;38;82;49;53;58;105;91;72;77;92;89;88;67;-;2826"
"""351160 CESARIO LANGE"";-;-;-;-;-;-;-;-;-;-;2;61;29;29;36;43;43;42;27;37;37;21;26;24;26;42;48;50;45;42;54;43;40;44;27;31;44;36;56;49;43;51;52;51;55;27;42;31;43;31;25;58;54;44;40;47;53;52;44;39;2016"
"""351170 CHARQUEADA"";-;-;-;-;-;-;-;-;-;-;2;37;32;51;28;29;37;37;34;25;44;24;20;30;28;34;25;22;33;27;17;20;22;26;18;20;26;26;38;31;25;32;31;28;19;22;26;20;24;20;18;28;30;34;29;24;17;23;26;27;1346"
"""351190 CLEMENTINA"";-;-;-;-;-;-;-;-;-;-;2;17;22;38;30;26;24;3;11;20;35;26;17;13;17;23;22;19;17;22;23;17;20;13;16;13;20;21;33;34;22;26;26;20;24;18;25;30;23;20;22;41;33;17;19;25;22;18;15;9;1069"
"""351200 COLINA"";-;-;-;-;-;-;-;-;1;12;37;64;54;65;63;79;66;68;98;88;84;108;85;119;92;98;80;111;107;98;87;93;91;103;58;72;89;105;126;121;113;108;107;105;89;77;82;78;90;96;99;98;83;93;85;99;103;71;75;78;4451"
"""351210 COLOMBIA"";-;-;-;-;-;-;-;-;-;-;-;3;1;2;1;1;-;3;3;-;1;-;-;-;3;2;2;2;1;1;-;-;1;-;1;2;3;-;3;5;1;1;1;-;-;1;2;5;1;2;3;2;-;-;-;-;-;-;-;-;60"
"""351220 CONCHAL"";-;-;-;-;-;-;-;1;4;4;17;140;138;165;140;137;119;164;141;116;117;103;133;113;127;171;160;153;118;182;156;112;152;163;135;139;121;103;149;150;208;153;187;242;193;189;151;133;165;191;200;227;186;176;249;182;326;320;199;205;8125"
"""351230 CONCHAS"";-;-;-;-;-;-;-;-;-;-;2;33;27;28;28;37;41;41;41;44;44;37;33;34;53;47;45;44;46;57;32;34;29;-;-;31;28;41;28;33;33;27;37;49;27;19;23;46;50;59;29;28;32;29;25;24;17;23;18;10;1623"
"""351280 COSMOPOLIS"";-;-;-;-;-;-;-;-;-;-;10;144;115;135;148;145;126;151;124;150;173;154;161;139;115;108;115;152;134;116;142;121;142;118;129;124;138;128;126;159;162;136;135;143;151;129;150;146;131;143;157;151;149;144;176;153;148;146;155;137;6884"
"""351300 COTIA"";-;-;-;-;-;-;-;-;3;13;213;1049;1025;1171;1080;1088;1043;1040;1128;1053;1078;1051;1160;1038;1039;1244;1153;1145;1252;1207;1211;1230;1176;1126;1201;1145;1164;1187;1239;1256;1191;1240;1218;1300;1189;1178;1112;1176;1058;1235;1095;1178;1155;1182;1155;1136;1068;1055;1130;903;56162"
"""351310 CRAVINHOS"";-;-;-;-;-;-;-;-;-;-;6;36;20;23;26;27;43;38;40;38;43;26;162;25;29;160;25;60;38;38;44;25;30;39;24;22;-;-;-;-;-;-;-;-;-;-;8;29;27;33;32;39;32;31;31;34;26;-;-;-;1409"
"""351340 CRUZEIRO"";-;-;-;-;-;-;-;-;-;-;82;460;421;426;392;448;448;414;447;364;425;405;387;457;397;502;404;494;434;445;407;402;416;420;400;392;414;492;505;539;492;503;514;503;533;451;463;424;444;499;514;556;515;444;480;454;470;456;502;419;22275"
"""351350 CUBATAO"";-;-;-;-;-;-;-;1;9;53;212;420;366;472;428;436;415;465;460;430;408;358;353;375;329;395;350;407;421;383;419;390;447;456;476;541;499;527;583;590;559;549;584;521;562;505;474;525;485;533;562;584;515;565;546;574;564;549;532;397;23559"
"""351360 CUNHA"";-;-;-;-;-;-;-;-;-;-;16;108;103;106;83;103;93;95;103;91;119;100;101;100;99;99;86;97;94;95;90;108;60;121;71;101;121;102;96;113;111;124;110;95;90;100;110;122;115;105;130;127;131;125;112;105;129;112;112;100;5139"
"""351370 DESCALVADO"";-;-;-;-;-;-;-;-;-;-;5;125;96;126;124;146;137;141;148;116;142;176;141;134;117;116;120;103;123;112;150;118;99;110;112;108;129;122;146;146;140;190;159;170;143;174;156;162;166;181;151;146;143;140;126;183;140;156;139;111;6764"
"""351380 DIADEMA"";-;-;-;-;-;-;-;6;52;355;1443;1911;1734;2080;1920;1998;1954;1926;1936;1913;1984;1957;1882;1909;1834;2039;1840;2071;1894;1834;1930;1794;1987;1728;1796;1989;1922;2148;2095;2101;2014;2007;1879;1969;1892;1834;1886;1835;1812;1963;1974;1937;1914;2002;2008;1958;1931;1761;1434;818;94790"
"""351390 DIVINOLANDIA"";-;-;-;-;-;-;-;-;-;2;14;229;212;294;252;261;235;275;268;307;234;220;141;245;214;265;226;255;287;303;322;278;266;262;198;349;301;317;371;427;434;385;438;442;447;401;279;389;369;399;441;432;412;454;422;395;418;372;249;361;15769"
"""351410 DOIS CORREGOS"";-;-;-;-;-;-;-;-;10;39;45;135;121;109;115;116;121;91;86;101;109;95;98;88;105;124;107;108;99;85;104;132;123;120;102;139;157;148;141;132;101;96;91;100;108;93;86;78;87;84;115;152;111;112;103;98;84;91;119;31;5345"
"""351440 DRACENA"";-;-;-;-;-;-;-;-;-;1;26;219;218;275;280;306;261;241;261;241;249;253;201;222;227;301;296;261;249;243;268;245;269;241;273;242;273;300;310;339;311;281;311;279;337;286;271;320;251;271;283;337;306;275;245;275;249;265;293;236;13273"
"""351450 DUARTINA"";-;-;-;-;-;-;-;-;-;-;3;108;97;122;89;93;84;106;98;97;95;70;74;74;79;106;106;79;95;104;103;118;99;82;119;125;122;146;163;150;128;159;129;108;124;125;123;149;120;154;142;153;131;139;149;128;127;109;135;97;5635"
"""351500 EMBU DAS ARTES"";-;-;-;-;-;-;-;-;-;18;182;389;360;387;319;378;369;413;379;350;318;390;302;357;331;382;360;375;365;345;362;302;299;331;295;346;329;326;418;381;302;337;360;390;383;344;270;295;225;252;255;250;267;278;305;297;263;206;149;-;15886"
"""351510 EMBU-GUACU"";-;-;-;-;-;-;-;-;-;-;-;100;55;64;68;98;132;117;177;154;169;194;160;181;143;154;142;161;150;139;173;116;103;128;131;142;106;174;137;146;148;137;123;113;93;85;56;92;96;102;86;122;98;100;105;108;99;109;107;92;5985"
"""351518 ESPIRITO SANTO DO PINHAL"";-;-;-;-;-;-;-;1;2;6;51;222;229;342;324;344;323;362;323;331;316;296;303;350;317;363;300;313;338;321;325;335;331;307;310;316;333;364;339;373;339;330;331;345;362;317;305;345;311;330;379;356;343;355;390;346;394;391;382;388;16449"
"""351520 ESTRELA D'OESTE"";-;-;-;-;-;-;-;-;-;-;3;19;22;13;24;23;25;44;34;40;37;36;29;28;20;51;41;48;52;50;40;29;32;39;29;52;38;61;61;57;65;67;55;60;56;81;92;98;74;65;88;79;73;65;58;76;64;55;41;41;2430"
"""351540 FARTURA"";-;-;-;-;-;-;-;-;-;-;2;61;63;69;82;69;75;88;75;66;59;52;50;61;64;101;80;81;77;92;80;71;75;68;62;56;72;103;85;97;94;92;87;64;62;50;63;61;65;88;79;67;80;76;78;75;136;113;74;70;3710"
"""351550 FERNANDOPOLIS"";-;-;-;-;-;-;-;1;1;3;43;321;309;355;337;365;375;346;426;424;457;449;387;422;412;406;417;480;455;517;490;490;523;493;485;553;483;497;509;486;426;535;539;519;527;490;501;540;510;461;504;571;538;578;602;612;700;584;611;532;23597"
"""351570 FERRAZ DE VASCONCELOS"";-;-;-;-;-;-;-;-;10;80;408;812;780;956;893;742;712;837;797;828;971;867;940;810;563;610;536;649;591;576;587;519;540;470;358;623;523;511;536;571;557;529;518;533;579;530;552;486;588;615;580;613;786;832;810;774;751;563;200;42;31644"
"""351600 FLORIDA PAULISTA"";-;-;-;-;-;-;-;-;-;-;3;49;37;46;58;78;49;53;64;70;78;70;74;82;73;98;86;84;54;72;62;70;62;67;70;83;69;69;73;72;63;65;60;62;82;59;77;102;76;77;66;66;79;69;84;76;85;88;85;92;3488"
"""351620 FRANCA"";-;-;-;-;-;-;-;-;2;31;442;1744;1665;1836;1809;1830;1724;1794;1838;1743;1789;1762;1718;1765;1740;1926;1759;1861;1807;1805;1950;1712;1867;1799;1695;1939;1892;2093;2177;2138;1976;1906;2100;1960;2106;1860;1871;1995;1892;2040;2104;2042;2014;2071;2149;2149;2227;1985;1930;1721;93750"
"""351630 FRANCISCO MORATO"";-;-;-;-;-;-;1;2;5;20;384;844;757;900;925;948;907;867;859;842;839;866;836;911;821;972;885;928;984;909;902;858;950;962;936;996;970;1063;1107;1065;975;996;1005;940;1122;1000;1002;993;1036;1179;1113;1206;1112;1069;1112;1127;1093;1170;1166;967;48404"
"""351640 FRANCO DA ROCHA"";-;-;-;-;-;-;-;1;6;34;269;566;509;573;676;688;665;699;737;734;717;694;724;751;710;809;768;837;777;757;812;728;763;733;688;726;715;668;712;697;628;673;914;886;789;713;554;615;667;711;700;722;705;776;711;691;675;772;665;545;35055"
"""351660 GALIA"";-;-;-;-;-;-;-;-;-;-;-;8;13;9;12;12;11;11;5;5;5;4;3;9;13;5;7;10;18;7;13;11;10;13;14;13;2;10;14;16;9;8;9;13;7;3;11;-;10;15;10;7;16;16;10;14;14;15;17;12;499"
"""351670 GARCA"";-;-;-;-;-;-;-;-;-;90;146;167;163;192;233;211;205;197;210;192;218;180;196;228;194;245;238;222;267;251;269;245;261;203;220;251;219;257;272;255;227;273;249;291;288;264;257;274;266;289;272;271;242;267;252;230;233;217;254;136;11749"
"""351690 GENERAL SALGADO"";-;-;-;-;-;-;-;-;-;-;2;28;21;35;40;23;26;38;33;24;15;29;5;29;30;41;24;37;29;34;39;35;44;31;22;38;46;39;66;37;38;36;46;18;35;37;52;67;61;49;40;48;37;59;35;30;34;24;33;38;1757"
"""351700 GETULINA"";-;-;-;-;-;-;-;-;-;-;-;-;1;-;1;19;15;25;15;24;17;13;17;10;18;21;17;39;32;33;37;27;25;34;31;50;33;39;43;37;25;33;23;35;33;14;14;27;30;24;26;32;43;39;35;41;28;28;23;25;1251"
"""351740 GUAIRA"";-;-;-;-;-;-;-;-;-;-;4;158;140;156;167;167;168;177;177;205;188;160;148;153;158;187;211;218;198;223;249;305;297;234;193;278;230;272;258;268;256;281;257;289;292;229;247;275;285;285;316;282;267;291;305;298;310;265;285;188;11450"
"""351760 GUAPIARA"";-;-;-;-;-;-;-;-;-;5;34;60;34;38;49;50;49;44;50;11;-;-;-;-;-;-;-;-;-;-;-;-;-;-;-;-;-;-;-;-;-;-;16;25;22;20;16;17;16;18;22;25;41;17;34;18;28;17;14;9;799"
"""351770 GUARA"";-;-;-;-;-;-;-;-;5;13;41;78;69;53;57;70;60;71;78;64;61;37;48;52;48;68;54;68;71;73;74;65;70;83;69;84;81;117;81;75;93;87;80;86;86;76;40;81;90;76;86;77;69;80;70;80;89;59;63;47;3553"
"""351780 GUARACAI"";-;-;-;-;-;-;-;-;2;1;22;45;26;37;43;36;24;25;31;35;34;38;28;27;23;35;31;54;31;34;42;30;25;56;37;39;55;34;51;54;50;49;42;50;52;60;46;66;55;40;49;62;43;40;45;47;44;42;39;26;2032"
"""351820 GUARARAPES"";-;-;-;-;-;-;-;-;-;-;11;100;99;114;106;151;120;108;117;92;115;100;87;103;104;136;148;158;116;111;120;128;117;121;70;98;110;110;163;154;165;140;138;149;131;148;144;143;145;119;133;172;153;144;132;138;145;124;127;114;6191"
"""351830 GUARAREMA"";-;-;-;-;-;-;-;-;-;1;13;85;69;70;72;96;77;89;91;67;97;90;74;84;78;92;85;119;85;86;79;68;100;77;75;76;90;113;134;111;89;90;101;95;95;99;93;86;84;111;90;119;102;116;130;135;122;103;132;117;4652"
"""351840 GUARATINGUETA"";-;-;-;-;-;-;-;-;3;14;188;598;522;571;524;562;491;508;560;499;495;467;489;473;512;581;520;535;541;566;572;535;553;530;473;526;485;516;569;522;508;511;490;580;640;583;510;550;463;522;534;551;587;597;576;553;513;557;600;394;26319"
"""351860 GUARIBA"";-;-;-;-;-;-;-;-;-;-;8;110;98;127;113;135;129;117;135;97;113;103;95;85;98;146;178;224;198;126;128;123;110;127;113;118;114;113;128;181;155;138;173;155;137;98;101;95;121;150;143;146;128;114;104;112;120;113;110;116;6219"
"""351870 GUARUJA"";-;-;-;-;-;-;-;-;5;14;181;864;823;954;1025;1029;967;994;1033;940;1034;991;980;1031;969;1106;1006;1074;1049;985;999;997;1029;975;991;1033;1029;1128;1126;1100;1046;1106;1141;1330;1419;1374;1329;1302;1101;1071;1153;1204;1147;1191;1079;1112;1124;1057;1040;967;52754"
"""351880 GUARULHOS"";-;-;-;-;-;-;1;2;18;144;1176;3837;3728;4193;3509;3616;3817;3781;4120;3952;4091;4072;4025;4256;4006;4795;4305;4927;4507;4429;4575;4246;4294;4183;4283;4420;4417;5058;5019;5135;4663;4727;4668;4531;4683;4467;4053;4348;4315;4983;4999;5284;4636;4826;4942;4954;5043;4648;4207;3543;217457"
"""351900 HERCULANDIA"";-;-;-;-;-;-;-;-;-;-;-;64;52;69;70;66;66;58;66;70;56;49;50;60;69;92;96;66;59;63;83;75;74;68;67;74;74;75;83;71;82;77;72;86;64;62;56;70;77;76;73;87;56;70;71;46;53;44;57;71;3335"
"""351907 HORTOLANDIA"";-;-;-;-;-;-;-;-;3;16;84;458;345;381;363;379;381;413;420;381;377;357;395;412;435;488;451;458;484;443;451;436;437;413;438;398;383;488;485;492;446;465;431;471;458;411;412;480;455;504;495;490;488;512;491;453;434;435;456;320;21452"
"""351910 IACANGA"";-;-;-;-;-;-;-;-;-;-;1;29;40;44;31;32;38;41;39;27;32;31;7;31;51;36;30;30;34;25;22;20;21;21;31;45;51;61;44;47;56;53;44;29;49;49;35;22;58;60;77;97;76;76;77;73;56;49;38;55;2121"
"""351930 IBATE"";-;-;-;-;-;-;-;-;-;-;3;71;46;66;90;78;82;78;73;87;77;65;76;73;84;93;59;70;68;73;68;65;83;59;40;38;53;72;94;78;69;68;65;93;65;66;65;88;84;93;78;109;102;83;81;84;74;76;83;56;3644"
"""351940 IBIRA"";-;-;-;-;-;-;-;-;-;1;35;42;35;30;48;53;37;34;36;19;29;29;15;33;20;29;36;40;23;33;23;19;17;21;19;30;40;43;49;82;44;34;30;28;24;40;44;45;41;47;20;32;29;34;36;35;36;30;29;34;1692"
"""351960 IBITINGA"";-;-;-;-;-;-;-;3;3;5;45;326;336;328;346;382;385;364;374;353;338;381;320;358;308;364;359;382;346;302;329;363;371;332;336;345;328;381;409;398;400;412;406;401;381;312;352;371;367;399;361;405;414;417;401;384;380;351;387;395;17996"
"""351970 IBIUNA"";-;-;-;-;-;-;-;-;-;-;7;150;135;163;203;136;233;204;300;264;286;246;168;275;183;242;251;350;349;404;361;339;289;319;332;279;241;262;317;328;291;256;271;316;321;353;337;343;334;393;402;403;337;372;370;394;382;341;289;336;14457"
"""351990 IEPE"";-;-;-;-;-;-;-;-;-;1;52;59;62;70;47;62;61;62;53;65;56;58;58;77;66;110;81;79;48;43;52;60;52;41;58;43;39;38;51;55;63;60;48;51;71;41;51;52;47;74;68;97;57;69;67;62;60;46;51;50;2944"
"""352010 IGARAPAVA"";-;-;-;-;-;-;-;-;-;2;24;84;94;70;95;100;111;109;108;89;97;90;86;120;85;121;95;106;99;97;112;74;89;90;73;108;141;137;115;118;96;94;96;89;128;88;93;93;99;97;142;165;140;119;108;86;115;89;91;71;5038"
"""352040 ILHABELA"";-;-;-;-;-;-;-;-;2;6;34;262;240;276;251;296;281;264;292;290;277;253;267;302;261;342;315;368;278;296;334;256;286;245;250;299;282;301;376;320;312;314;294;302;314;260;258;312;274;292;311;326;261;293;230;-;-;-;-;-;12755"
"""352044 ILHA SOLTEIRA"";-;-;-;-;-;-;1;6;3;4;79;144;146;155;167;188;211;161;115;134;180;176;189;185;169;231;197;224;197;179;191;222;193;198;160;179;174;186;212;191;204;191;204;191;186;181;227;209;195;233;210;240;230;238;226;276;263;215;205;168;9639"
"""352050 INDAIATUBA"";-;-;-;-;-;-;-;-;-;-;288;1145;1195;1414;1300;1430;1210;1265;1244;1439;1458;1321;1172;1221;1307;1617;1347;1448;1356;1258;1492;1436;1535;1567;1531;1537;1615;1761;1612;1686;1637;1612;1902;1811;2036;1762;1694;1911;1823;1876;1875;1966;1827;1927;1936;1941;2015;1840;1725;1693;78016"
"""352070 INDIAPORA"";-;-;-;-;-;-;-;-;-;1;-;11;23;26;22;14;25;34;31;28;27;29;19;26;33;40;24;35;34;34;31;33;36;25;22;36;31;32;31;20;33;40;38;39;26;33;39;41;22;26;32;36;32;29;31;25;40;28;26;27;1456"
"""352090 IPAUSSU"";-;-;-;-;-;-;-;-;-;-;4;51;43;40;36;53;39;37;56;70;39;44;58;40;44;54;59;50;49;40;51;46;45;35;47;47;33;52;58;46;37;43;40;41;48;40;34;55;48;76;46;64;72;64;80;92;63;54;48;52;2463"
"""352130 IPUA"";-;-;-;-;-;-;-;-;-;-;4;78;71;65;43;55;50;41;53;43;45;49;37;41;48;60;62;66;65;64;45;47;61;54;58;53;56;54;73;85;66;60;76;71;105;69;62;66;105;87;59;85;74;105;83;103;86;93;71;73;3225"
"""352170 ITABERA"";-;-;-;-;-;-;-;-;-;-;1;46;44;49;36;58;61;39;57;65;56;56;43;63;72;105;77;121;82;102;110;86;72;73;80;89;79;82;106;139;82;109;130;123;142;77;103;102;108;111;126;118;90;52;105;95;102;94;83;-;4101"
"""352180 ITAI"";-;-;-;-;-;-;-;-;-;-;28;34;38;33;29;44;36;33;33;38;27;18;-;38;32;45;23;46;51;34;34;39;28;19;34;37;38;36;43;46;49;39;30;48;49;61;52;58;50;54;85;86;76;80;93;89;90;71;91;67;2332"
"""352190 ITAJOBI"";-;-;-;-;-;-;-;-;-;-;1;50;37;47;52;48;31;30;21;27;21;26;17;35;40;46;40;44;54;46;53;39;49;59;40;50;40;49;80;60;74;41;56;60;60;52;88;67;71;88;65;68;82;76;81;59;46;47;43;42;2498"
"""352210 ITANHAEM"";-;-;-;-;-;-;-;-;5;41;109;891;677;758;834;906;857;867;922;874;838;883;830;936;795;1007;879;965;786;874;922;904;1002;944;893;1104;1035;1046;1056;1103;995;960;1081;1035;1062;1032;960;1077;951;1019;1050;958;870;1014;957;1011;1007;971;994;841;46388"
"""352220 ITAPECERICA DA SERRA"";-;-;-;-;-;-;-;1;6;22;723;1368;1167;1360;1424;1411;1290;1425;1398;1323;1269;1161;1294;1209;1209;1475;1332;1500;1437;1316;1429;1366;1469;1318;1462;1493;1362;1565;1512;1447;1426;1440;1431;1443;1388;1348;1297;1369;1327;1461;1451;1454;1418;1491;1461;1528;1538;1338;1372;1160;68684"
"""352230 ITAPETININGA"";-;-;-;-;-;-;-;-;-;-;115;778;688;748;708;737;639;670;745;746;780;760;809;780;781;792;883;905;823;830;835;793;773;748;813;790;814;853;886;926;888;851;875;859;846;770;796;871;788;881;907;958;907;927;863;894;832;828;831;669;39989"
"""352240 ITAPEVA"";-;-;-;-;-;-;-;1;47;265;557;773;629;688;605;667;629;628;683;596;646;649;608;724;642;727;679;770;766;668;756;705;756;680;707;707;675;729;801;845;830;846;828;794;798;751;736;731;724;822;839;900;950;908;912;920;983;780;622;132;36814"
"""352250 ITAPEVI"";-;-;-;-;-;-;1;1;5;9;164;1185;981;1138;1319;1091;1103;1284;1401;1337;1371;1355;1359;1369;1271;1431;1357;1492;1337;1404;1437;1309;1334;1224;1228;1392;1406;1453;1389;1318;1328;1421;1331;1275;1321;1278;1206;1340;1201;1405;1462;1508;1414;1436;1361;1403;1292;1254;1194;1119;64804"
"""352260 ITAPIRA"";-;-;-;-;-;-;-;-;-;-;38;462;446;518;484;520;560;524;528;435;462;480;434;535;448;545;538;545;517;564;548;519;502;490;521;522;490;588;572;517;550;491;541;552;551;511;496;581;565;607;637;613;569;547;585;492;512;478;474;546;25750"
"""352270 ITAPOLIS"";-;-;-;-;-;-;-;-;-;-;19;292;236;334;254;297;289;309;275;268;285;297;252;279;269;325;294;301;283;282;231;263;233;210;175;183;213;273;285;251;252;250;249;249;222;213;209;232;271;273;292;304;296;298;285;305;286;283;251;224;13001"
"""352280 ITAPORANGA"";-;-;-;-;-;-;-;-;-;-;4;122;89;96;87;108;113;112;105;93;110;97;90;101;80;116;120;131;90;97;104;85;85;94;67;95;82;95;99;137;130;111;96;90;104;80;89;88;111;93;98;113;99;109;83;95;92;95;91;80;4851"
"""352290 ITAPUI"";-;-;-;-;-;-;-;-;-;-;1;13;14;14;22;28;21;23;22;15;17;17;24;19;15;21;22;32;27;33;20;20;22;12;12;22;12;16;17;25;19;24;25;22;11;14;9;13;15;19;5;-;-;-;-;-;-;-;-;-;754"
"""352310 ITAQUAQUECETUBA"";-;-;-;-;-;-;-;-;1;29;286;1201;1043;1331;1280;1260;1273;1334;1284;1174;1217;1333;1176;1264;1183;1344;1319;1354;1308;1312;1334;1234;1322;1226;1292;1314;1262;1299;1408;1216;1275;1208;1246;1175;1266;1306;1277;1158;1173;1295;1299;1229;1241;1159;1373;1206;1290;1119;1276;969;61753"
"""352320 ITARARE"";-;-;-;-;-;-;-;-;-;-;12;310;321;334;331;302;306;251;299;286;346;354;285;356;253;357;326;380;325;308;400;352;322;328;366;282;296;370;371;367;311;271;283;289;400;559;371;284;314;276;302;323;305;361;330;333;343;327;377;353;16208"
"""352340 ITATIBA"";-;-;-;-;-;-;-;-;-;-;104;401;373;418;404;406;425;457;451;444;432;393;371;440;383;486;402;483;421;449;474;461;475;433;469;516;452;506;488;493;450;459;508;478;495;490;459;486;450;531;499;554;533;609;619;654;572;554;649;325;23284"
"""352350 ITATINGA"";-;-;-;-;-;-;-;-;-;1;15;47;32;24;21;33;22;33;24;27;24;22;28;19;15;27;29;31;32;31;26;14;15;35;13;17;14;30;35;30;26;33;21;20;28;20;27;25;35;35;34;28;20;26;34;33;24;15;14;-;1264"
"""352360 ITIRAPINA"";-;-;-;-;-;-;-;-;-;-;4;23;10;19;12;19;18;10;13;16;7;13;11;14;8;21;16;9;12;12;10;12;8;1;4;11;12;8;15;9;11;9;10;14;12;7;6;14;9;13;14;15;16;13;10;8;12;7;8;2;567"
"""352390 ITU"";-;-;-;-;-;-;-;-;-;5;107;635;602;664;693;741;760;711;795;732;647;628;657;694;643;745;703;664;729;724;723;664;662;642;681;670;689;705;690;688;722;746;727;741;765;719;695;730;743;819;858;839;771;731;782;712;683;679;618;575;34748"
"""352400 ITUPEVA"";-;-;-;-;-;-;-;-;-;-;10;125;97;104;123;127;112;104;116;122;132;125;119;109;121;120;126;131;111;147;148;148;113;115;129;150;140;157;180;202;196;175;179;211;181;180;160;158;197;217;187;200;197;190;181;177;191;183;78;-;7201"
"""352410 ITUVERAVA"";-;-;-;-;-;-;-;-;2;15;76;315;275;304;305;315;269;284;275;303;299;313;244;312;227;290;268;301;313;294;305;250;273;290;272;290;305;277;321;296;299;292;306;293;348;281;284;299;275;302;333;364;352;347;316;337;369;242;269;222;14608"
"""352420 JABORANDI"";-;-;-;-;-;-;-;-;-;-;1;6;7;4;7;13;15;3;6;4;11;6;4;7;5;8;8;5;5;5;1;3;5;4;2;6;3;12;4;6;5;1;6;5;1;7;8;2;5;2;6;7;1;3;3;8;7;2;6;3;264"
"""352430 JABOTICABAL"";-;-;-;-;-;-;-;-;-;1;30;206;191;206;239;213;209;182;209;196;195;206;214;192;188;236;220;207;195;193;188;188;173;172;192;160;150;195;198;183;184;183;175;188;173;177;170;202;186;201;195;192;165;179;160;197;182;170;157;169;9332"
"""352440 JACAREI"";-;-;-;-;-;-;-;-;4;16;260;1060;971;1160;1086;1202;1113;1158;1226;1166;1154;1068;1033;1130;1031;1173;1014;1091;1054;1054;1072;915;879;955;857;1002;930;1162;1078;1123;1027;1154;1047;1072;1062;1064;1052;1060;1041;1211;1166;1224;1166;1179;1351;1224;1294;1135;1136;991;53853"
"""352450 JACI"";-;-;-;-;-;-;-;-;-;-;1;38;20;11;29;34;40;44;47;42;34;38;12;36;37;41;38;47;53;50;71;52;41;61;67;44;47;56;61;74;61;70;68;61;72;92;58;75;67;65;70;59;55;63;59;62;54;50;45;40;2512"
"""352470 JAGUARIUNA"";-;-;-;-;-;-;-;-;2;9;167;290;271;302;266;284;293;289;269;267;276;268;246;284;288;326;264;321;255;265;299;277;320;260;282;261;269;295;315;305;306;288;307;339;306;273;191;250;308;340;354;386;359;339;335;322;331;318;304;289;14630"
"""352480 JALES"";-;-;-;-;-;-;-;-;4;18;181;452;444;424;429;545;586;652;642;640;620;606;619;733;650;680;630;688;626;690;685;666;636;641;564;628;614;735;714;721;703;719;720;715;760;624;643;778;712;728;722;724;739;813;698;722;726;670;688;519;32286"
"""352520 JARINU"";-;-;-;-;-;-;-;-;-;-;12;48;26;46;54;35;39;37;36;41;36;22;43;36;41;45;34;26;43;42;31;40;15;28;29;10;29;42;52;61;59;44;53;38;53;55;75;57;60;59;74;65;47;54;55;62;45;45;46;-;2125"
"""352530 JAU"";-;-;-;-;-;-;-;5;30;146;620;1940;1918;2243;2203;2285;2137;2191;2182;2194;2255;2207;2047;2212;2015;2476;2240;2427;2225;2300;2349;2164;2339;2186;1896;2123;2165;2371;2460;2423;2376;2311;2215;2315;2370;2214;1954;2225;2154;2362;2298;2337;2314;2393;2289;2369;2380;2079;1822;858;108609"
"""352550 JOANOPOLIS"";-;-;-;-;-;-;-;-;-;-;2;30;16;16;14;17;17;27;18;12;18;16;15;18;17;18;22;10;18;15;16;12;18;22;11;11;11;13;24;18;20;26;25;17;12;15;22;26;16;13;19;23;19;10;16;14;20;24;18;28;875"
"""352570 JOSE BONIFACIO"";-;-;-;-;-;-;-;-;-;-;8;102;81;89;130;96;97;96;121;167;137;100;81;77;123;182;119;137;130;112;117;122;101;102;98;113;89;129;155;135;147;187;165;122;111;105;157;233;205;181;181;204;181;182;188;184;230;175;192;183;6859"
"""352590 JUNDIAI"";-;-;-;-;-;-;-;1;3;34;1169;3497;3292;3417;3292;3557;3274;3469;3610;3630;3631;3552;3414;3560;3346;3689;3517;3801;3665;3782;3753;3530;3727;3744;3632;4131;3723;4275;4327;4167;3632;4032;4004;4024;4138;3657;3423;3608;3543;3747;3574;3843;3575;3657;3467;3540;3866;3122;2940;3334;179937"
"""352600 JUNQUEIROPOLIS"";-;-;-;-;-;-;-;-;-;-;-;134;132;140;156;111;128;121;125;128;132;119;96;108;118;151;136;101;101;108;104;88;99;97;75;98;91;84;100;93;105;98;105;105;107;113;107;104;90;113;102;108;103;96;109;113;114;82;84;85;5317"
"""352620 JUQUITIBA"";-;-;-;-;-;-;-;-;-;-;1;4;-;-;-;-;-;-;-;-;-;-;-;-;-;-;-;-;-;-;-;-;-;-;-;-;-;-;-;-;-;-;-;-;-;-;-;-;-;-;-;-;-;-;-;-;-;-;-;-;5"
"""352640 LARANJAL PAULISTA"";-;-;-;-;-;-;-;-;-;1;11;157;120;120;122;123;123;136;109;105;115;116;99;120;90;138;111;134;114;120;121;109;107;123;117;136;106;134;138;136;118;125;116;121;139;117;131;140;135;156;123;15;130;130;131;107;122;137;146;118;5968"
"""352670 LEME"";-;-;-;-;-;-;-;-;1;11;79;427;405;492;407;450;407;464;418;378;376;398;389;439;439;460;446;470;473;453;454;439;413;394;389;423;453;457;534;505;462;463;458;464;522;440;405;478;454;469;476;479;477;483;453;460;472;455;431;400;21944"
"""352680 LENCOIS PAULISTA"";-;-;-;-;-;-;-;-;-;-;25;253;222;209;206;254;222;232;264;230;228;225;255;222;203;257;256;281;245;220;277;214;225;192;208;188;213;237;251;229;186;228;237;212;214;207;192;223;209;222;251;228;214;237;234;241;270;267;255;264;11334"
"""352690 LIMEIRA"";-;-;-;-;-;-;-;-;3;28;288;1209;1137;1327;1187;1366;1239;1168;1314;1197;1209;1217;1152;1293;1164;1397;1309;1468;1367;1406;1445;1308;1305;1124;1122;1269;1234;1353;1457;1489;1400;1381;1430;1359;1446;1298;1193;1270;1339;1317;1381;1461;1337;1445;1355;1396;1462;1247;1203;1044;64315"
"""352710 LINS"";-;-;-;-;-;-;-;-;2;8;112;517;501;575;501;547;525;594;523;465;469;456;485;542;507;564;509;574;468;502;518;482;460;443;444;500;462;528;514;532;481;522;516;548;505;490;484;572;552;585;637;633;619;639;666;645;706;604;627;526;26386"
"""352720 LORENA"";-;-;-;-;-;-;-;-;-;-;109;570;555;557;534;585;483;451;506;444;435;448;467;515;478;517;458;504;498;462;457;505;474;474;440;524;436;528;555;491;453;452;402;404;423;389;387;416;444;431;431;442;408;429;433;400;386;337;395;251;22573"
"""352730 LOUVEIRA"";-;-;-;-;-;-;-;-;-;-;24;182;167;188;180;194;188;221;225;241;222;218;226;276;244;291;235;246;255;219;259;247;220;234;226;243;240;257;267;241;255;225;240;229;227;206;209;217;200;247;232;233;233;208;241;208;208;199;229;205;11127"
"""352740 LUCELIA"";-;-;-;-;-;-;-;-;-;-;4;53;31;36;36;45;48;37;41;43;44;41;40;28;27;48;65;52;48;39;46;47;36;43;42;43;44;44;45;48;48;52;55;36;36;43;39;49;49;71;68;62;59;57;62;69;28;58;46;48;2279"
"""352800 MACATUBA"";-;-;-;-;-;-;-;-;-;-;2;94;43;81;76;77;71;82;74;56;45;52;55;62;54;68;39;50;55;77;82;68;54;79;49;63;50;75;69;96;77;77;67;68;48;13;54;55;74;73;85;103;72;78;63;89;65;43;58;48;3208"
"""352810 MACAUBAL"";-;-;-;-;-;-;-;-;-;-;-;11;4;1;1;7;8;3;1;4;8;3;2;4;4;7;6;4;6;2;1;7;4;6;4;5;3;2;5;6;8;7;3;4;5;7;5;21;9;9;11;20;9;7;7;3;10;3;2;4;283"
"""352850 MAIRIPORA"";-;-;-;-;-;-;-;-;-;-;22;196;163;168;157;203;177;192;177;163;183;203;163;148;168;155;190;224;203;197;313;234;255;228;259;254;233;313;348;310;281;255;296;307;296;282;283;225;254;273;294;258;261;210;233;239;252;238;212;212;11360"
"""352880 MARACAI"";-;-;-;-;-;-;-;-;-;-;3;38;27;43;39;43;33;55;63;53;49;60;49;54;32;51;61;59;55;43;78;47;60;64;41;52;64;73;86;105;75;84;100;75;79;70;60;67;72;68;86;77;82;103;68;84;70;70;59;58;3087"
"""352900 MARILIA"";-;-;-;-;-;-;1;5;39;166;708;2048;1973;2207;2192;2428;2405;2355;2537;2332;2301;2183;2023;2079;2027;2464;2063;2404;2316;2248;2333;2273;2291;2219;1922;2099;2055;2291;2418;2458;2414;2301;2484;2433;2581;2300;2088;2294;2366;2592;2576;2747;2539;2679;2585;2780;2764;2488;2349;2055;115278"
"""352920 MARTINOPOLIS"";-;-;-;-;-;-;-;-;-;-;11;116;115;150;210;170;155;155;120;143;138;146;126;142;142;180;136;131;164;148;190;161;142;150;150;176;136;145;152;109;173;171;177;253;209;196;217;254;246;253;231;221;228;238;233;275;242;289;245;216;8876"
"""352930 MATAO"";-;-;-;-;-;-;-;-;2;4;81;455;386;460;428;455;431;477;511;476;422;387;378;407;388;403;466;477;428;414;463;415;450;477;451;458;449;537;526;565;524;517;490;502;492;454;493;539;574;522;502;545;559;572;553;560;552;472;475;427;23451"
"""352940 MAUA"";-;-;-;-;-;-;-;-;4;268;937;1037;993;1080;1063;1003;1035;1009;1127;1032;1019;1079;1121;1169;1051;1309;1149;1253;1130;1182;1241;1214;1220;1147;1178;1258;1127;1317;1140;1313;1187;1219;1065;1179;1194;1037;1155;1203;1112;1151;1280;1149;1173;1130;1254;1131;1217;1124;1149;450;56764"
"""352970 MIGUELOPOLIS"";-;-;-;-;-;-;-;-;-;3;39;80;81;101;84;84;98;97;103;97;106;104;89;103;107;125;112;107;125;104;105;94;113;101;84;94;71;105;119;135;117;84;100;95;98;78;57;87;70;68;100;119;76;101;134;96;103;84;57;42;4736"
"""353010 MIRANDOPOLIS"";-;-;-;-;-;-;-;2;6;14;51;195;172;279;225;277;282;332;331;312;296;265;277;264;228;276;218;235;243;249;223;228;230;230;215;267;292;341;375;362;294;327;331;320;278;257;220;286;279;321;299;347;255;286;266;304;319;298;234;191;13504"
"""353030 MIRASSOL"";-;-;-;-;-;-;-;-;-;-;4;176;139;155;128;172;150;158;161;146;139;179;132;178;173;204;177;195;123;154;171;170;142;167;118;174;159;160;176;170;173;200;190;181;200;151;160;214;225;218;199;178;178;176;182;177;48;-;-;-;7700"
"""353050 MOCOCA"";-;-;-;-;-;-;-;-;-;1;49;413;364;392;399;403;412;385;431;404;398;384;393;492;382;469;403;436;430;454;425;383;405;405;372;398;397;447;424;376;404;446;399;447;463;416;360;409;430;466;450;492;451;451;440;449;454;419;411;358;20541"
"""353060 MOGI DAS CRUZES"";-;-;-;-;-;-;-;-;2;64;913;2502;2183;2518;2469;2693;2550;2502;2560;2405;2663;2597;2479;2671;2426;2880;2696;2878;2699;2690;2808;2588;2777;2658;2551;2668;2482;2812;2810;2826;2694;2761;2816;2893;2835;2840;2712;2789;2748;3126;3156;3283;3103;3151;3163;3128;3130;2886;2828;2368;135430"
"""353070 MOGI GUACU"";-;-;-;-;-;-;-;-;3;36;169;754;774;862;839;915;859;871;943;845;897;818;776;890;777;921;776;828;802;760;877;818;872;825;794;865;808;796;876;852;848;876;825;852;895;851;817;902;830;934;843;882;858;863;947;883;747;739;672;601;41163"
"""353080 MOGI MIRIM"";-;-;-;-;-;-;-;2;2;7;56;325;268;321;316;294;299;337;397;376;382;339;300;317;318;344;273;355;331;318;343;394;375;387;298;318;270;395;430;451;461;396;397;358;352;347;355;402;400;490;456;477;515;471;440;365;429;435;412;366;18262"
"""353110 MONGAGUA"";-;-;-;-;-;-;-;-;-;1;38;88;75;86;84;82;70;50;76;72;68;85;101;105;88;88;100;116;101;76;89;70;70;85;71;94;80;105;118;79;69;60;66;66;69;64;84;88;81;89;99;128;97;95;92;67;85;86;72;63;4131"
"""353130 MONTE ALTO"";-;-;-;-;-;-;-;1;2;1;17;195;156;162;194;214;211;205;172;190;183;173;189;170;179;204;200;185;190;200;206;220;235;211;220;213;237;228;254;249;243;193;203;237;197;210;213;207;188;230;225;245;231;219;240;246;200;186;230;166;10175"
"""353140 MONTE APRAZIVEL"";-;-;-;-;-;-;-;-;-;4;46;200;158;233;303;252;146;151;169;181;196;195;161;179;175;190;172;175;157;161;170;163;185;180;119;189;172;219;281;241;179;187;210;234;220;177;163;264;255;195;228;220;167;238;302;351;313;305;258;238;10227"
"""353150 MONTE AZUL PAULISTA"";-;-;-;-;-;-;-;-;-;1;16;92;81;94;103;115;100;117;129;124;160;136;142;102;108;116;101;113;93;114;100;124;116;132;93;113;86;94;93;129;116;114;118;121;126;106;120;138;121;143;146;123;144;130;141;151;146;118;125;137;5821"
"""353180 MONTE MOR"";-;-;-;-;-;-;-;-;-;-;6;115;90;83;101;99;91;75;101;113;87;90;101;95;90;108;90;111;98;102;108;104;102;83;101;104;89;102;97;104;103;96;94;78;88;89;82;89;82;106;108;111;99;109;108;97;85;97;89;71;4721"
"""353190 MORRO AGUDO"";-;-;-;-;-;-;-;-;-;2;24;144;111;125;142;142;140;134;115;106;136;130;122;136;116;174;176;184;143;142;123;174;140;151;144;157;157;162;170;201;182;146;128;140;149;102;111;134;159;155;172;180;164;157;144;148;147;130;164;159;7194"
"""353200 MORUNGABA"";-;-;-;-;-;-;-;-;-;-;-;30;29;47;27;37;33;42;19;22;11;18;8;12;13;10;19;16;9;8;6;12;12;6;14;7;10;20;13;14;18;13;14;16;17;9;11;15;12;15;14;18;27;32;15;27;19;25;18;16;875"
"""353240 NAZARE PAULISTA"";-;-;-;-;-;-;-;-;-;-;4;47;33;39;30;42;36;38;43;27;-;-;-;-;-;8;29;41;45;51;40;37;39;41;33;41;39;48;56;62;54;55;36;38;50;57;29;43;43;39;48;48;42;37;-;-;-;-;-;-;1568"
"""353250 NEVES PAULISTA"";-;-;-;-;-;-;-;-;-;-;3;8;4;2;2;7;4;5;6;3;-;6;2;3;2;2;5;2;8;6;5;5;9;2;3;1;2;3;6;9;6;3;2;6;4;3;3;7;3;5;3;3;8;5;4;5;6;6;-;-;207"
"""353260 NHANDEARA"";-;-;-;-;-;-;-;-;-;3;3;81;115;120;108;97;101;106;158;155;157;120;95;120;121;159;123;130;118;131;120;120;132;132;93;105;109;122;180;203;159;174;152;182;177;155;114;210;209;215;187;240;254;200;242;233;244;248;215;172;7619"
"""353290 NOVA EUROPA"";-;-;-;-;-;-;-;-;-;-;1;19;5;31;27;31;18;28;27;22;16;14;4;21;15;20;19;22;14;18;15;23;22;16;12;15;21;19;15;20;23;14;17;34;28;22;31;28;25;27;30;36;32;17;33;30;27;27;36;26;1093"
"""353300 NOVA GRANADA"";-;-;-;-;-;-;-;-;-;-;12;118;115;137;151;127;89;71;79;86;93;98;84;99;99;82;120;117;115;143;142;118;103;112;99;119;104;121;129;126;155;129;143;154;139;101;131;177;170;213;214;200;171;161;160;163;184;164;165;140;6442"
"""353340 NOVA ODESSA"";-;-;-;-;-;-;-;-;1;4;19;123;127;126;135;129;149;136;130;117;115;117;109;109;116;145;108;128;132;128;136;102;125;112;112;110;110;128;124;146;113;126;127;115;148;92;110;98;109;125;135;137;136;144;141;132;120;123;113;-;5952"
"""353350 NOVO HORIZONTE"";-;-;-;-;-;-;-;-;-;-;22;194;191;221;237;226;211;214;198;159;179;194;213;225;189;198;177;211;211;204;180;186;175;178;161;202;179;206;236;230;206;205;201;212;217;188;197;228;252;211;209;252;229;208;217;212;165;180;178;175;9949"
"""353390 OLIMPIA"";-;-;-;-;-;-;-;-;-;-;30;245;184;235;220;283;228;201;218;249;225;193;260;231;265;302;263;302;316;285;323;327;337;296;309;277;307;310;356;341;349;311;321;320;306;314;309;325;314;311;385;391;343;338;347;310;279;244;260;278;14273"
"""353430 ORLANDIA"";-;-;-;-;-;-;-;-;4;184;211;241;228;262;238;278;236;202;230;210;225;202;207;229;240;251;229;259;216;200;219;198;180;191;194;182;180;196;203;224;193;203;234;200;227;200;153;177;212;228;217;234;217;192;168;279;241;214;222;151;10911"
"""353440 OSASCO"";-;2;-;-;-;-;1;14;84;367;1143;2131;1938;2200;2085;2096;2062;2034;2081;1965;2149;1955;2010;2035;1963;2294;2057;2269;2132;2297;2309;2119;2237;2189;2050;2243;2149;2519;2591;2569;2259;2268;2383;2235;2369;2310;2176;2255;2279;2502;2546;2542;2330;2335;2383;2332;2276;2129;2010;960;109218"
"""353460 OSVALDO CRUZ"";-;-;-;-;-;-;-;-;-;-;9;149;167;161;160;188;183;199;171;175;171;188;165;177;187;229;192;203;211;188;195;196;163;191;175;179;192;203;208;187;214;198;214;236;239;209;204;233;235;226;264;247;235;220;211;225;217;183;210;197;9779"
"""353470 OURINHOS"";-;-;-;-;-;-;25;34;39;77;235;708;632;758;688;766;754;814;816;779;808;769;817;778;738;879;766;911;1074;764;857;868;869;804;803;799;802;873;854;904;860;934;940;956;1040;984;1020;933;853;961;986;948;907;851;948;950;896;891;903;742;42365"
"""353475 OUROESTE"";-;-;-;-;-;-;-;-;-;-;4;10;32;24;25;47;36;27;37;21;24;-;-;-;4;56;35;6;41;36;40;46;37;36;15;45;46;55;75;53;45;33;55;59;46;38;42;84;86;65;63;75;55;50;45;47;53;38;41;-;1933"
"""353520 PALMEIRA D'OESTE"";-;-;-;-;-;-;-;-;-;-;21;31;42;64;69;58;52;32;31;30;36;31;28;34;33;42;39;45;32;46;31;35;52;51;28;46;52;68;90;87;88;71;79;81;56;51;78;91;68;60;40;54;49;49;62;77;74;75;39;43;2621"
"""353530 PALMITAL"";-;-;-;-;-;-;-;-;-;-;7;117;102;97;117;113;132;92;110;104;135;121;99;130;129;162;177;237;193;118;190;165;179;203;137;145;145;164;156;179;166;158;181;192;165;155;100;128;165;164;209;188;165;160;188;190;154;183;167;182;7515"
"""353540 PANORAMA"";-;-;-;-;-;-;-;-;-;-;2;29;27;34;35;32;28;30;25;31;-;-;-;-;-;-;-;-;-;-;-;-;-;-;-;-;-;-;-;-;-;-;-;-;-;-;-;-;-;-;-;-;-;-;-;-;-;-;-;-;273"
"""353550 PARAGUACU PAULISTA"";-;-;-;-;-;-;-;-;13;23;47;210;214;229;256;259;239;236;278;258;288;281;248;260;260;263;285;256;251;244;295;289;294;257;260;324;290;311;350;306;324;276;307;350;362;562;332;563;580;431;522;621;431;425;416;445;651;333;365;547;16717"
"""353580 PARANAPANEMA"";-;-;-;-;-;-;-;-;-;1;9;98;61;56;49;67;54;77;12;68;59;64;61;69;74;64;75;68;72;52;57;67;80;53;1;91;48;72;75;67;96;70;75;56;64;60;56;55;41;71;79;64;53;74;72;70;76;58;54;72;3137"
"""353600 PARAPUA"";-;-;-;-;-;-;-;-;-;2;1;26;21;6;42;45;43;62;50;51;43;42;46;29;47;61;52;42;39;39;34;-;-;-;-;-;-;-;-;-;-;-;-;-;-;-;-;-;-;-;-;-;-;-;-;7;35;-;-;-;865"
"""353620 PARIQUERA-ACU"";-;-;-;-;-;-;1;1;3;10;122;799;612;768;776;813;858;773;821;767;747;727;661;830;700;830;711;794;764;777;732;655;709;642;669;697;721;833;844;791;758;757;768;771;777;801;766;864;868;915;822;870;760;815;779;779;770;772;773;754;37897"
"""353630 PATROCINIO PAULISTA"";-;-;-;-;-;-;-;-;-;-;4;74;63;73;80;88;79;86;65;67;60;57;69;59;67;107;76;106;99;91;58;54;45;40;39;40;51;76;70;62;68;68;83;97;96;58;52;67;58;78;101;85;72;64;82;78;96;73;72;54;3507"
"""353650 PAULINIA"";-;-;-;-;-;-;1;6;20;113;477;488;559;608;595;594;560;540;569;578;569;523;539;534;546;624;574;610;555;591;583;561;572;576;567;596;554;687;739;708;645;646;683;738;758;710;642;695;703;759;704;732;780;682;131;24;5;-;-;-;27553"
"""353660 PAULO DE FARIA"";-;-;-;-;-;-;-;-;-;-;2;10;6;3;2;9;3;2;3;3;14;11;14;7;16;16;11;12;13;9;19;22;24;16;10;15;27;14;9;9;4;4;5;7;12;7;4;10;18;9;13;10;14;7;13;8;4;12;-;-;492"
"""353670 PEDERNEIRAS"";-;-;-;-;-;-;-;-;1;4;18;133;135;152;159;150;144;132;133;116;113;138;141;129;127;147;129;156;167;161;182;153;152;161;148;214;178;203;196;149;173;177;173;182;170;156;150;164;160;222;196;198;180;169;183;179;123;139;138;124;7777"
"""353700 PEDREGULHO"";-;-;-;-;-;-;-;-;-;1;44;102;52;31;40;69;76;92;111;100;62;56;61;68;66;114;76;79;66;84;62;61;89;48;34;67;52;82;101;68;74;87;77;67;98;79;99;88;97;108;129;137;115;111;99;105;122;111;65;12;3994"
"""353710 PEDREIRA"";-;-;-;-;-;-;-;-;-;1;13;121;88;99;101;106;100;99;141;82;118;81;69;109;92;105;91;116;97;111;92;62;88;94;67;89;83;92;106;95;88;98;85;95;80;69;61;72;69;83;97;90;84;92;104;102;91;97;94;93;4552"
"""353730 PENAPOLIS"";-;-;-;-;-;-;-;-;-;1;58;434;326;417;420;439;384;397;435;512;431;375;488;420;400;477;427;432;382;412;420;523;405;445;408;446;407;669;471;476;485;487;478;524;475;457;421;499;451;511;514;511;479;525;482;518;560;488;454;360;22416"
"""353740 PEREIRA BARRETO"";-;-;-;-;-;-;-;-;-;5;47;128;124;139;105;96;119;110;94;93;83;101;66;90;71;107;90;91;85;89;81;72;62;79;64;83;65;55;73;71;66;77;80;85;70;68;55;81;88;65;70;70;68;72;62;76;75;96;100;58;4120"
"""353760 PERUIBE"";-;-;-;-;-;-;-;-;-;-;-;-;72;68;79;88;60;70;74;79;51;70;59;80;61;62;65;68;78;69;50;72;13;-;-;-;-;-;-;-;-;-;-;-;-;-;-;-;-;-;-;-;-;-;-;-;-;-;-;-;1388"
"""353780 PIEDADE"";-;-;-;-;-;-;-;-;-;6;71;174;178;199;166;179;190;190;176;176;213;197;191;177;191;227;221;218;235;220;241;233;217;216;210;230;205;213;263;244;237;220;253;251;224;231;237;226;263;241;260;272;251;251;273;262;236;262;246;162;10925"
"""353790 PILAR DO SUL"";-;-;-;-;-;-;-;-;1;13;55;90;100;114;98;100;104;103;111;91;117;103;85;95;82;123;93;87;77;85;89;84;65;80;75;76;81;70;90;104;89;104;85;88;85;59;85;69;74;68;85;110;76;77;100;85;89;78;66;57;4370"
"""353800 PINDAMONHANGABA"";-;-;-;-;-;-;-;1;-;70;306;600;487;585;515;550;494;549;610;538;560;494;532;519;532;609;567;613;553;568;658;552;492;508;552;536;592;628;628;647;602;579;662;643;669;596;609;618;574;589;577;609;547;573;611;634;639;622;419;136;28153"
"""353860 PIRACAIA"";-;-;-;-;-;-;-;-;-;-;10;63;47;31;43;45;46;51;47;39;32;31;34;27;23;27;38;36;36;50;49;51;47;57;54;34;45;51;40;56;84;60;49;75;71;56;37;38;34;40;36;59;47;37;39;43;35;36;42;34;2192"
"""353870 PIRACICABA"";-;-;-;-;-;-;-;3;25;162;664;2181;2129;2494;2406;2863;2927;2734;2992;2983;2980;2701;2689;2709;2671;3131;2915;3385;3130;2915;3173;2797;3080;3062;3135;3100;2926;3167;3249;3508;3784;3232;3406;3116;3497;3289;2881;3088;3105;3088;2853;3054;3024;2959;3046;3163;3190;3017;2423;2406;146607"
"""353880 PIRAJU"";-;-;-;-;-;-;-;-;-;-;-;163;179;194;186;186;174;198;199;155;176;151;153;164;133;188;150;172;157;177;174;176;143;153;174;204;179;211;227;205;196;168;215;196;186;156;143;176;134;160;184;179;167;172;172;170;165;163;173;94;8470"
"""353890 PIRAJUI"";-;-;-;-;-;-;-;-;-;-;5;104;104;129;109;126;80;107;143;147;151;128;95;100;117;181;148;171;123;143;165;123;132;147;95;93;127;133;123;134;131;120;114;94;152;145;101;123;136;160;170;163;161;152;134;101;81;95;87;99;6202"
"""353900 PIRANGI"";-;-;-;-;-;-;-;-;-;-;-;44;24;57;44;69;55;40;4;9;24;19;21;49;69;88;62;63;47;34;79;63;58;67;77;75;87;87;106;98;83;72;97;104;93;73;94;90;112;103;120;120;92;98;122;121;154;162;118;146;3793"
"""353930 PIRASSUNUNGA"";-;-;-;-;-;-;-;-;-;-;21;189;171;217;177;221;208;213;198;171;174;168;196;208;197;217;238;224;229;212;213;192;198;196;208;196;207;212;230;242;196;211;221;197;237;228;186;187;189;240;236;250;227;234;217;215;243;217;219;190;10283"
"""353940 PIRATININGA"";-;-;-;-;-;-;-;-;-;1;2;26;19;31;15;21;24;22;23;23;19;17;22;17;17;28;25;33;30;21;31;26;27;30;18;27;19;21;23;23;25;15;17;30;19;10;21;25;20;28;33;48;25;36;25;20;22;23;19;23;1165"
"""353950 PITANGUEIRAS"";-;-;-;-;-;-;-;-;-;-;33;157;127;147;133;110;101;120;141;140;117;99;117;137;116;114;117;121;129;125;124;132;128;104;132;135;102;135;168;143;137;120;127;205;132;127;138;132;128;144;149;163;119;112;127;121;113;98;116;98;6310"
"""354000 POMPEIA"";-;-;-;-;-;-;-;-;-;1;8;27;33;32;30;36;25;50;60;73;44;27;26;26;40;37;48;7;34;23;44;36;29;50;33;31;32;48;69;56;42;54;86;68;84;74;43;47;54;95;63;71;61;74;80;74;70;89;39;48;2431"
"""354020 PONTAL"";-;-;-;-;-;-;-;-;-;-;12;145;121;157;123;134;198;95;129;188;133;121;189;103;121;139;130;157;234;125;140;124;216;85;117;132;126;145;159;194;159;191;129;178;139;134;95;167;156;137;119;126;108;127;116;92;73;180;120;85;6823"
"""354040 POPULINA"";-;-;-;-;-;-;-;-;-;-;-;9;16;24;10;10;10;6;5;5;11;8;5;9;7;8;16;5;5;9;7;11;9;6;7;18;19;19;11;13;13;19;15;17;20;17;21;21;17;13;13;17;10;17;9;11;10;11;13;19;601"
"""354060 PORTO FELIZ"";-;-;-;-;-;-;-;-;-;1;21;212;168;207;252;280;229;222;216;214;229;192;164;224;190;252;240;251;227;252;255;233;219;297;247;268;267;314;394;356;423;357;317;355;331;338;289;325;309;322;330;352;331;313;415;373;373;332;314;278;13870"
"""354070 PORTO FERREIRA"";-;-;-;-;-;-;-;-;-;-;20;185;129;193;168;141;171;180;182;160;161;146;136;140;171;180;164;222;156;159;160;156;176;179;159;188;149;179;152;182;156;159;170;166;186;168;154;243;228;257;219;220;207;187;206;218;182;177;188;168;8703"
"""354080 POTIRENDABA"";-;-;-;-;-;-;-;-;-;-;2;47;33;41;51;49;50;40;58;34;33;31;31;27;43;63;82;61;53;54;41;45;37;50;44;46;27;35;55;70;83;77;68;112;98;96;123;129;110;89;77;109;83;71;109;64;61;49;58;56;3055"
"""354100 PRAIA GRANDE"";-;-;-;-;-;2;-;-;5;6;111;636;487;594;599;585;575;655;685;639;648;677;649;731;743;868;861;922;789;855;964;862;841;827;862;850;812;873;919;925;806;700;776;799;809;755;691;773;739;859;886;889;800;774;859;991;1026;899;925;740;38553"
"""354120 PRESIDENTE BERNARDES"";-;-;-;-;-;-;-;-;-;-;7;86;83;79;96;-;-;5;87;104;102;92;120;102;103;141;123;112;108;115;88;99;104;80;91;108;105;118;147;136;104;103;96;114;135;114;102;109;93;106;116;133;109;124;88;104;95;99;100;98;4883"
"""354130 PRESIDENTE EPITACIO"";-;-;-;-;-;-;-;1;-;1;19;199;135;209;181;221;182;242;191;184;208;209;205;213;175;220;200;198;189;225;212;207;206;216;228;235;223;242;255;274;284;292;265;243;268;240;197;272;228;246;253;266;283;299;255;231;219;232;268;224;11170"
"""354140 PRESIDENTE PRUDENTE"";-;-;-;-;-;-;-;22;11;69;821;3050;3045;3353;2937;3204;3141;3168;3446;3137;3397;3285;2907;3319;2975;3398;3143;3289;3144;3226;3537;2876;3263;3041;2748;3279;2871;3214;3238;3389;2978;3269;3222;3313;3555;3521;3411;3633;3424;3874;3418;3825;3638;3616;3896;3697;3857;3445;3293;3096;162924"
"""354150 PRESIDENTE VENCESLAU"";-;-;-;-;-;-;-;-;-;1;24;167;136;150;206;192;194;179;195;167;191;183;174;158;190;240;208;238;179;209;191;198;192;203;181;171;159;178;224;209;208;198;220;224;263;248;229;224;204;235;213;247;195;187;197;174;182;197;183;140;9655"
"""354160 PROMISSAO"";-;-;-;-;-;-;-;-;-;5;35;220;219;228;246;284;289;268;303;279;258;280;203;262;233;295;273;321;345;293;348;286;286;288;218;258;237;282;262;292;299;315;304;351;382;333;286;341;282;286;327;309;299;342;334;325;332;355;302;303;14303"
"""354190 QUELUZ"";-;-;-;-;-;-;-;-;-;-;1;39;22;17;12;13;18;9;17;20;13;4;8;19;11;16;13;14;14;9;19;5;9;14;15;21;14;30;16;9;21;17;23;15;14;12;9;17;17;15;21;19;20;15;22;18;16;8;-;-;740"
"""354220 RANCHARIA"";-;-;-;-;-;-;-;-;-;1;37;239;242;272;269;291;237;244;293;308;267;287;266;261;263;335;334;308;275;267;320;277;292;293;250;277;261;300;336;315;336;344;329;322;366;305;253;322;315;394;373;375;348;412;345;376;368;349;292;335;15076"
"""354240 REGENTE FEIJO"";-;-;-;-;-;-;-;-;-;-;5;57;47;46;52;72;53;54;52;22;46;45;32;55;63;69;66;61;54;50;60;67;65;40;33;41;55;57;48;31;87;84;80;85;86;71;75;72;112;156;122;126;102;78;81;92;94;62;79;42;3284"
"""354260 REGISTRO"";-;-;-;-;-;6;12;1;2;14;106;573;532;589;470;658;693;679;781;765;767;734;741;837;816;921;912;931;891;913;970;900;896;812;855;852;842;906;978;1013;943;1001;1014;990;1017;887;720;723;808;832;954;894;866;880;829;769;798;473;470;493;39729"
"""354290 RIBEIRAO BONITO"";-;-;-;-;-;-;-;-;-;-;4;22;16;29;36;36;25;21;28;22;40;27;24;25;35;27;23;19;14;29;27;26;20;26;23;21;22;17;29;28;26;27;21;29;22;14;13;16;16;23;27;29;28;23;25;41;54;20;34;27;1256"
"""354300 RIBEIRAO BRANCO"";-;-;-;-;-;-;-;-;-;-;1;39;30;34;40;36;40;42;33;13;41;40;32;29;34;45;48;42;47;35;38;25;35;28;18;41;26;30;31;28;43;40;36;30;7;33;28;42;46;46;51;39;66;32;26;19;21;25;29;17;1677"
"""354330 RIBEIRAO PIRES"";-;-;-;-;-;-;-;-;4;34;159;209;159;210;186;174;170;200;176;154;136;153;158;172;179;164;173;205;192;188;183;183;172;174;176;163;159;207;198;215;167;190;156;142;171;144;140;154;141;139;150;157;139;133;146;175;152;182;148;139;8450"
"""354340 RIBEIRAO PRETO"";-;-;-;-;-;-;-;1;180;884;2524;5400;5199;6259;6046;6602;6241;6521;6976;6544;6641;6471;5881;6597;5985;7131;6494;7080;6393;6573;7091;6385;6589;6337;5732;6881;6436;7086;7367;7258;6909;7149;7578;7546;7988;7149;6543;7233;7269;7424;7661;7776;7495;8105;7952;8079;8277;7210;5475;2149;334752"
"""354380 RINOPOLIS"";-;-;-;-;-;-;-;-;-;-;3;21;23;33;29;32;15;16;24;12;10;24;6;15;12;25;15;18;21;19;11;16;15;21;20;12;17;15;17;20;21;21;24;21;18;25;18;16;10;22;19;32;35;21;29;28;19;21;30;20;987"
"""354390 RIO CLARO"";-;-;-;-;-;-;-;-;5;6;113;712;646;699;626;691;657;703;800;775;687;754;746;725;758;827;741;829;780;836;792;783;749;707;756;801;769;875;945;855;792;822;845;861;869;838;746;810;825;825;869;996;920;932;973;1011;1065;963;827;633;39570"
"""354400 RIO DAS PEDRAS"";-;-;-;-;-;-;-;-;1;-;3;72;98;82;73;67;76;75;79;76;68;57;70;70;80;66;84;74;88;86;73;78;81;85;81;74;76;78;98;78;80;76;71;73;55;72;73;63;81;84;76;95;83;80;86;83;86;65;51;50;3730"
"""354420 RIOLANDIA"";-;-;-;-;-;-;-;1;3;8;3;9;8;4;5;3;-;4;10;8;7;4;5;6;11;9;5;7;3;8;13;8;7;7;9;13;2;14;11;23;15;11;14;13;7;11;10;12;14;16;21;19;20;19;23;14;18;19;6;10;530"
"""354425 ROSANA"";-;-;-;-;-;-;-;-;3;16;22;253;251;296;212;291;326;284;300;294;238;280;226;252;262;307;249;258;253;270;268;242;291;229;265;258;222;255;273;257;296;275;263;293;316;247;251;271;244;252;315;294;273;298;242;308;246;268;231;216;13102"
"""354490 SALES OLIVEIRA"";-;-;-;-;-;-;-;-;-;-;2;30;24;19;23;36;13;30;29;33;22;21;16;41;31;39;22;33;37;29;31;38;19;23;19;22;19;25;39;31;36;28;26;29;30;20;18;32;32;27;26;21;28;27;31;25;16;11;23;16;1298"
"""354500 SALESOPOLIS"";-;-;-;-;-;-;-;-;-;-;9;42;23;34;21;20;32;39;28;38;32;37;33;32;32;39;30;36;37;47;43;44;41;41;32;25;35;61;57;53;44;55;47;34;34;35;44;36;39;46;39;-;3;28;27;36;39;39;43;35;1776"
"""354520 SALTO"";-;-;-;-;-;-;-;-;-;-;35;416;378;408;404;406;375;355;391;334;349;355;376;408;396;433;424;413;463;487;451;490;439;449;363;386;395;466;482;499;452;401;497;444;407;362;339;413;357;405;446;438;398;616;557;623;585;535;545;522;21368"
"""354530 SALTO DE PIRAPORA"";-;-;-;-;-;-;-;-;-;-;6;136;142;154;162;166;181;199;230;218;204;201;196;142;149;213;222;267;223;201;280;184;214;135;136;137;108;133;221;252;227;250;222;246;231;147;132;248;241;287;304;241;164;240;241;280;262;244;197;134;9950"
"""354540 SALTO GRANDE"";-;-;-;-;-;-;-;-;-;-;6;57;34;46;43;43;42;54;38;36;52;37;55;35;65;68;63;57;39;39;41;29;1;23;48;37;40;47;50;28;43;30;30;40;31;32;44;54;55;63;63;59;46;50;63;69;63;61;55;45;2249"
"""354560 SANTA ADELIA"";-;-;-;-;-;-;-;-;-;-;3;20;16;11;28;41;32;29;26;25;24;25;34;38;54;79;66;50;50;32;40;47;40;40;32;38;41;66;56;69;61;64;54;59;55;66;46;88;82;92;90;109;96;87;83;110;94;81;59;82;2710"
"""354580 SANTA BARBARA D'OESTE"";-;-;-;-;-;1;1;1;13;71;354;614;560;732;698;655;641;706;700;806;733;761;618;664;643;769;650;770;672;715;895;787;748;681;625;682;648;725;759;727;677;695;755;924;1071;651;558;708;723;776;755;785;776;801;829;748;838;706;589;617;35807"
"""354630 SANTA CRUZ DAS PALMEIRAS"";-;-;-;-;-;-;-;-;-;-;2;119;90;116;122;86;99;98;109;92;106;99;102;116;85;97;98;110;109;94;125;112;101;92;96;90;113;132;136;105;112;96;105;103;112;106;110;86;100;110;122;129;110;117;95;105;113;78;87;111;5158"
"""354640 SANTA CRUZ DO RIO PARDO"";-;-;-;-;-;-;-;-;1;4;83;320;281;338;328;371;339;311;330;358;338;296;296;270;289;379;325;325;307;361;335;299;300;340;319;343;325;393;396;384;374;376;369;336;369;336;322;295;290;394;382;385;398;366;356;357;364;336;322;241;16652"
"""354660 SANTA FE DO SUL"";-;-;-;-;-;-;-;-;-;1;14;200;181;185;229;236;234;217;209;223;209;186;203;208;170;227;202;205;196;226;230;212;222;212;179;211;223;240;279;280;248;274;287;288;268;253;311;335;295;340;315;328;324;310;325;303;276;277;272;279;12157"
"""354680 SANTA ISABEL"";-;-;-;-;-;-;-;-;3;6;40;232;166;186;180;185;175;177;186;153;151;159;159;174;142;185;196;218;219;178;170;178;181;155;171;162;182;220;240;211;188;183;183;185;186;162;145;169;156;188;167;209;175;156;193;180;161;169;175;137;8807"
"""354730 SANTANA DE PARNAIBA"";-;-;-;-;-;-;-;-;222;30;213;297;237;330;254;305;285;274;251;240;267;276;235;267;308;332;281;325;311;338;348;334;290;266;308;268;294;399;420;415;356;294;337;341;290;322;291;317;317;342;400;378;330;307;305;276;290;195;114;16;15038"
"""354750 SANTA RITA DO PASSA QUATRO"";-;-;-;-;-;-;-;-;-;-;5;111;109;140;113;126;127;107;101;109;109;82;109;116;113;120;113;130;138;132;132;109;112;112;102;100;104;116;129;161;127;107;135;131;146;129;157;152;135;162;142;173;146;144;137;129;150;144;103;142;6178"
"""354760 SANTA ROSA DE VITERBO"";-;-;-;-;-;-;-;-;-;-;7;54;53;71;78;88;196;218;64;58;71;67;68;57;73;88;74;68;78;74;74;99;90;72;63;80;80;68;69;71;165;87;106;95;91;159;74;90;70;83;74;67;77;83;87;74;84;88;83;64;4172"
"""354770 SANTO ANASTACIO"";-;-;-;-;-;-;-;-;-;-;4;143;134;130;131;141;134;125;110;133;150;150;130;131;147;251;205;179;144;174;167;171;154;140;142;131;143;159;164;177;151;139;164;202;151;123;133;198;173;193;169;195;190;158;151;179;178;167;168;173;7749"
"""354780 SANTO ANDRE"";1;-;2;1;-;-;-;66;1356;1520;2180;3714;3260;3760;3898;4362;4262;4344;4583;4436;4379;4316;3990;4183;3992;4784;4195;4493;4544;4532;4570;4284;4226;4287;4055;4476;4432;4698;4698;4525;4041;4057;4213;4178;4180;3798;3446;3922;3682;3843;4009;4269;4109;4109;3813;3905;3846;3464;2303;1526;204117"
"""354790 SANTO ANTONIO DA ALEGRIA"";-;-;-;-;-;-;-;-;-;-;1;9;9;4;9;6;10;15;8;6;10;10;7;9;12;7;12;11;13;7;14;14;15;10;10;9;6;9;18;6;9;13;8;12;6;8;8;7;6;15;16;13;14;11;14;15;18;9;9;-;497"
"""354850 SANTOS"";-;-;-;-;-;5;26;115;755;784;1269;2536;2470;2863;2402;2771;2607;2810;2982;2536;2752;2785;2554;2757;2427;2911;2585;2891;2602;2660;2864;2531;2688;2610;2487;2564;2510;2777;2657;2781;2615;2867;3006;2960;2855;2696;2510;2789;2680;3157;3073;3030;2884;3103;2954;2918;2985;2503;2008;1602;135519"
"""354860 SAO BENTO DO SAPUCAI"";-;-;-;-;-;-;-;-;-;-;-;37;29;33;16;30;29;29;30;46;29;31;26;32;26;30;33;28;30;33;29;41;31;26;24;29;25;38;35;60;54;45;41;47;47;36;34;43;38;44;47;45;58;53;49;43;42;52;27;35;1795"
"""354870 SAO BERNARDO DO CAMPO"";-;-;-;-;-;-;-;-;3;43;615;2840;2619;3044;2850;2865;2913;3000;3367;3193;3172;3143;3404;3241;3063;3535;3064;3150;3037;2981;3280;3148;3109;2955;3047;2844;2765;3047;3074;3164;2968;2893;2877;2993;3356;3178;3016;3319;3122;3755;3489;4021;3962;3557;3498;3403;3533;3293;3086;2405;155299"
"""354880 SAO CAETANO DO SUL"";-;-;-;-;-;-;-;-;19;106;335;891;799;884;870;939;924;936;984;932;1000;948;898;887;907;1066;943;1137;996;962;1076;965;1010;974;976;982;883;1127;1128;1091;985;1061;1041;1017;1112;1006;935;1026;1021;1114;1190;1230;1171;1223;1271;1197;1352;1115;1030;586;50258"
"""354890 SAO CARLOS"";-;-;-;-;1;3;3;34;95;214;344;1183;1142;1337;1289;1369;1264;1289;1284;1290;1305;1236;1239;1390;1347;1467;1345;1514;1468;1521;1521;1481;1525;1413;1473;1538;1486;1566;1683;1704;1559;1612;1618;1651;1609;1498;1533;1571;1570;1826;1788;1794;1631;1812;1683;1813;1844;1652;1548;1307;74282"
"""354910 SAO JOAO DA BOA VISTA"";-;-;-;-;-;-;-;-;-;10;170;491;436;481;465;484;458;480;539;503;473;499;456;458;464;507;472;550;523;499;486;493;470;463;448;461;474;517;597;512;489;496;467;479;485;467;484;512;475;476;580;621;544;579;550;553;557;553;452;435;24593"
"""354940 SAO JOAQUIM DA BARRA"";-;-;-;1;-;-;-;-;-;-;28;245;197;232;216;231;179;222;188;210;190;203;187;234;220;231;194;250;240;215;253;226;211;238;221;247;269;240;283;293;256;269;301;250;290;228;227;261;240;285;290;315;345;356;354;344;331;302;283;277;12398"
"""354970 SAO JOSE DO RIO PARDO"";-;-;-;-;-;-;-;-;-;-;23;373;325;379;399;366;373;388;419;393;362;368;357;376;358;403;364;389;353;380;366;367;344;350;325;366;357;446;463;400;416;389;342;374;427;354;357;396;357;384;353;395;414;365;350;367;398;333;349;306;18358"
"""354980 SAO JOSE DO RIO PRETO"";-;-;-;-;-;-;-;-;124;2085;3591;5139;4832;5379;4972;5552;5408;5345;5912;5740;5709;5418;5117;5892;5604;6391;6015;6589;6103;6262;6601;6045;6208;6065;5796;6672;6138;6371;6812;6839;6796;7096;7085;6985;7489;6780;6746;7654;7391;7765;7467;7789;7297;8023;8108;8332;8488;7811;7208;6479;325515"
"""354990 SAO JOSE DOS CAMPOS"";-;-;-;-;-;-;1;24;159;410;1152;3640;3583;3943;3747;4398;3996;3979;4326;4068;3906;3976;3679;4106;3822;4587;3943;4623;4433;4476;4855;4369;4539;4478;4194;4535;4375;4491;4840;4750;4492;4551;4678;4693;4961;4668;4098;4640;4604;4829;5006;5005;5033;5110;5100;5065;5058;4541;4224;3846;218605"
"""355000 SAO LUIS DO PARAITINGA"";-;-;-;-;-;-;-;-;-;-;1;10;8;18;7;11;2;13;17;18;16;17;13;14;16;14;14;10;12;10;6;6;13;14;14;11;8;16;21;25;25;21;8;13;11;11;20;13;15;10;13;16;21;15;18;17;23;12;18;8;683"
"""355010 SAO MANUEL"";-;-;-;-;-;-;-;-;-;-;7;125;120;111;124;125;99;81;77;81;80;82;88;74;88;101;99;90;75;89;111;109;137;121;108;108;73;110;97;109;119;105;126;118;146;125;129;197;154;181;159;171;160;184;152;170;130;150;119;71;5765"
"""355020 SAO MIGUEL ARCANJO"";-;-;-;-;-;-;-;-;-;2;11;81;71;83;89;108;101;101;124;127;106;108;89;98;89;118;110;148;152;155;167;140;167;147;122;128;123;113;140;123;108;130;121;101;117;95;89;110;101;102;107;115;122;124;103;109;106;103;89;88;5581"
"""355030 SAO PAULO"";-;-;-;-;6;17;116;551;2534;6650;24125;50401;47426;55834;51593;55223;53072;53524;57367;53826;54911;53495;52070;53901;50525;59893;54983;60375;57529;56880;59697;55687;58035;54821;53288;56504;55763;61320;63563;63336;60105;61129;61816;61869;63785;59761;56900;60687;58214;61982;62700;65335;62817;63469;64699;64290;65462;58521;51643;37880;2851905"
"""355040 SAO PEDRO"";-;-;-;-;-;-;-;-;-;-;8;234;162;181;202;164;222;277;286;304;221;216;173;178;165;171;164;210;221;197;327;325;314;273;231;167;301;420;391;392;285;305;292;308;308;262;252;279;272;301;320;348;334;393;442;366;399;370;351;326;13610"
"""355060 SAO ROQUE"";-;-;-;-;-;-;-;3;11;26;149;298;273;296;329;340;324;335;326;285;297;241;258;322;318;347;336;328;362;322;363;316;313;297;312;316;302;327;427;394;324;352;297;307;359;380;337;363;341;450;433;380;384;403;431;390;396;373;443;324;16960"
"""355070 SAO SEBASTIAO"";-;-;-;-;-;-;-;-;2;74;204;366;340;449;464;498;404;501;456;406;413;424;427;451;363;443;439;510;430;416;444;449;454;430;400;441;435;472;427;454;471;354;400;384;436;407;387;425;412;513;489;496;485;537;518;532;567;493;487;400;22079"
"""355080 SAO SEBASTIAO DA GRAMA"";-;-;-;-;-;-;-;-;-;-;7;57;43;43;32;50;40;35;29;44;44;30;30;51;40;42;50;33;45;40;40;35;49;53;53;40;41;35;72;39;41;49;66;47;61;48;32;39;33;63;69;43;40;65;47;44;53;48;40;39;2209"
"""355090 SAO SIMAO"";-;-;-;-;-;-;-;-;-;-;3;33;24;16;16;15;18;20;21;22;13;25;30;26;18;19;25;23;27;29;12;24;27;34;11;26;12;20;27;27;20;20;25;37;31;35;35;35;27;34;39;38;38;34;27;23;26;24;26;24;1241"
"""355100 SAO VICENTE"";-;-;-;-;-;-;-;-;1;17;160;778;686;852;806;888;761;774;792;761;881;808;760;871;812;969;920;951;920;942;1031;974;917;949;981;939;844;856;958;905;976;970;945;890;880;846;745;838;830;875;782;878;830;850;804;829;717;727;611;521;41808"
"""355150 SERRANA"";-;-;-;-;-;-;-;-;2;13;81;343;281;300;329;411;415;379;387;368;341;366;329;382;335;440;359;405;391;362;390;348;323;364;299;362;360;406;392;402;366;431;374;341;366;362;307;360;362;349;350;351;302;313;341;311;323;283;202;234;17293"
"""355160 SERRA NEGRA"";-;-;-;-;-;-;-;-;-;2;11;110;102;111;98;119;109;101;90;93;91;79;95;75;71;92;95;69;97;114;97;116;116;116;110;129;114;114;114;89;100;119;110;136;136;99;90;152;155;145;162;185;152;193;196;236;240;197;162;159;6063"
"""355170 SERTAOZINHO"";-;-;-;-;-;-;-;-;-;10;98;508;461;623;543;566;484;574;589;556;549;502;557;616;564;603;557;594;557;573;611;546;570;537;494;555;584;564;562;528;541;516;486;504;507;493;495;595;557;566;507;558;536;582;589;577;560;528;482;475;26889"
"""355200 SILVEIRAS"";-;-;-;-;-;-;-;-;-;-;-;2;4;4;4;5;3;2;5;5;4;1;1;4;2;2;4;6;5;4;2;3;1;5;2;1;2;4;6;6;5;4;1;1;1;4;1;1;1;3;3;4;4;3;1;-;2;6;1;-;145"
"""355210 SOCORRO"";-;-;-;-;-;-;-;-;-;-;30;269;220;203;162;69;217;209;247;287;277;266;274;321;272;298;273;322;310;294;240;221;159;167;197;180;200;254;352;325;278;280;266;278;240;245;216;287;180;205;210;254;266;321;419;303;326;273;329;229;12520"
"""355220 SOROCABA"";-;-;-;-;-;-;-;-;5;61;856;4299;3992;4450;4196;4482;4324;4423;4644;4539;4372;4197;4152;4411;4066;4966;4396;4928;4805;4599;4964;4516;4639;4527;4425;4568;4533;5061;4951;5091;4814;5041;4969;4930;5232;4767;4625;5037;4911;5169;5262;5400;5084;5285;5209;5262;5376;5091;4860;4030;232792"
"""355230 SUD MENNUCCI"";-;-;-;-;-;-;-;-;-;-;-;30;31;18;25;21;24;27;26;13;18;11;13;26;22;24;21;26;23;40;19;30;24;23;25;22;15;13;28;20;31;21;33;32;32;17;24;32;34;30;17;24;25;27;20;15;17;14;15;16;1134"
"""355240 SUMARE"";-;-;-;-;-;-;-;-;4;6;117;983;998;1100;1022;1139;1006;1005;1156;999;1025;935;932;1047;924;1108;1022;1129;1077;1043;1176;1101;1079;1010;921;1106;1019;1057;1216;1075;1152;1013;1114;1077;1114;1036;997;1083;1116;1094;1091;1173;1081;1150;1105;1136;1102;1024;980;869;52044"
"""355250 SUZANO"";-;-;-;-;-;-;-;-;-;-;34;391;358;392;341;377;356;360;348;355;348;307;387;385;351;396;379;409;406;407;410;344;391;352;377;393;361;722;657;694;688;711;706;801;858;833;665;726;728;812;818;849;763;811;736;782;806;743;684;594;26902"
"""355260 TABAPUA"";-;-;-;-;-;-;-;-;-;-;3;41;42;50;58;86;67;53;56;59;63;45;24;39;51;54;48;59;49;55;46;28;43;38;33;37;56;64;68;56;49;58;65;77;83;57;69;56;68;62;72;67;63;70;79;73;77;56;86;81;2839"
"""355270 TABATINGA"";-;-;-;-;-;-;-;-;3;41;51;29;43;45;48;71;54;72;53;68;63;58;47;76;74;110;84;73;64;49;78;53;70;67;41;70;57;87;70;83;72;72;75;74;73;56;51;68;75;85;82;89;85;93;86;70;72;61;65;46;3402"
"""355280 TABOAO DA SERRA"";-;-;-;-;-;1;1;4;11;39;644;1556;1212;1566;1595;1744;1649;1612;1676;1619;1661;1665;1623;1666;1468;1731;1570;1734;1539;1615;1617;1525;1629;1704;1792;1653;1705;1954;1987;2058;1891;1916;1860;1935;2077;1787;1470;1590;1530;1711;1819;1704;1827;1842;1887;1804;1665;1446;1468;1212;83266"
"""355300 TAGUAI"";-;-;-;-;-;-;-;-;-;-;4;79;54;51;59;55;51;74;81;69;59;48;58;63;45;71;54;46;46;69;63;50;47;52;41;42;53;59;71;54;57;53;47;52;47;49;53;48;45;51;54;71;69;63;56;46;51;58;40;35;2713"
"""355330 TAMBAU"";-;-;-;-;-;-;-;-;-;-;5;86;93;100;94;109;97;88;103;98;105;98;102;103;139;122;92;110;107;128;111;90;104;76;75;94;73;90;129;141;112;106;123;114;124;108;73;109;77;103;120;120;93;116;111;103;103;74;87;54;4992"
"""355340 TANABI"";-;-;-;-;-;-;-;-;-;1;18;145;117;128;90;120;104;114;118;109;117;114;86;114;110;135;117;126;103;90;113;121;120;132;101;116;119;123;153;150;110;112;124;130;95;78;112;142;108;107;114;119;86;103;103;140;153;119;115;74;5668"
"""355360 TAPIRATIBA"";-;-;-;-;-;-;-;-;-;-;2;17;31;23;16;26;30;34;31;34;25;26;13;25;38;30;29;35;25;25;31;29;23;26;29;30;27;33;30;29;34;28;35;28;27;24;22;26;22;23;35;22;30;31;32;32;26;32;33;28;1372"
"""355370 TAQUARITINGA"";-;-;-;-;-;-;-;-;5;20;101;293;341;395;361;405;380;382;423;395;425;392;380;413;411;528;431;469;407;399;337;336;390;418;330;334;383;406;459;472;410;405;379;378;424;319;337;376;349;388;385;390;399;353;374;418;343;324;325;257;18954"
"""355380 TAQUARITUBA"";-;-;-;-;-;-;-;-;2;24;76;184;165;213;176;216;164;168;195;166;135;116;158;162;119;200;174;233;183;181;199;216;230;173;156;182;140;178;189;205;215;187;169;175;173;142;157;178;142;183;181;187;173;189;167;155;191;161;137;132;8672"
"""355400 TATUI"";-;-;-;-;-;-;-;-;1;4;62;462;409;484;396;489;415;464;492;446;438;421;421;413;382;438;409;449;446;452;440;447;470;404;390;417;426;429;482;464;405;439;445;450;445;408;362;390;380;383;445;497;418;425;405;435;391;387;391;232;20895"
"""355410 TAUBATE"";-;-;-;-;-;-;-;10;24;50;304;1902;1714;1977;1806;2066;1846;1850;1974;1894;1962;1936;1819;2022;1935;2190;1863;2243;1958;2031;2108;1832;1919;1853;1807;1931;1732;1784;2098;2053;1912;1921;2344;2252;2179;1825;1741;1974;1929;2221;2172;2091;1950;2088;1901;1923;2059;1821;2045;1742;96583"
"""355430 TEODORO SAMPAIO"";-;-;-;-;-;-;-;-;-;-;15;76;78;121;132;160;149;110;143;120;105;93;112;86;96;108;103;108;94;107;84;95;85;65;95;75;59;70;88;59;66;73;82;95;81;89;2;78;98;123;97;101;126;97;104;106;91;84;92;73;4649"
"""355440 TERRA ROXA"";-;-;-;-;-;-;-;-;-;-;-;21;11;15;24;16;22;20;2;3;8;-;-;9;9;4;11;8;8;11;10;12;11;8;-;5;4;6;2;1;10;3;5;5;9;3;-;5;1;2;6;3;1;5;4;2;4;4;-;-;333"
"""355450 TIETE"";-;-;-;-;-;-;-;-;-;-;18;182;175;220;189;171;200;159;204;202;160;185;175;182;181;206;183;216;205;177;187;190;156;167;136;171;193;192;203;217;177;196;188;186;198;161;166;153;176;188;203;208;201;198;198;163;178;163;189;127;9019"
"""355470 TORRINHA"";-;-;-;-;-;-;-;-;-;1;2;7;4;2;4;9;7;10;12;8;9;8;10;17;3;7;11;6;9;13;6;8;9;10;6;11;8;5;11;10;5;13;5;6;7;6;4;11;3;4;14;8;10;7;5;5;6;8;-;-;370"
"""355500 TUPA"";-;-;-;-;-;-;-;-;-;13;61;550;528;603;630;703;610;646;693;632;576;585;565;639;598;679;611;641;689;641;703;593;611;602;528;610;579;609;657;764;722;694;698;705;705;662;661;674;589;649;696;761;752;668;668;647;707;573;620;511;31511"
"""355510 TUPI PAULISTA"";-;-;-;-;-;-;-;-;-;-;5;68;81;97;121;109;80;96;77;99;88;73;78;83;83;95;84;85;65;71;101;103;90;99;73;86;97;99;104;100;106;80;92;89;108;78;72;97;91;99;95;125;108;106;120;119;110;94;103;118;4600"
"""355540 UBATUBA"";-;-;-;-;-;-;-;-;20;128;139;361;289;391;369;356;363;354;347;334;363;356;348;375;372;383;359;338;359;326;385;379;396;427;429;420;375;420;424;445;442;388;417;383;403;393;358;389;406;485;452;480;334;437;442;464;457;398;371;157;19186"
"""355580 URANIA"";-;-;-;-;-;-;-;-;-;-;5;16;19;31;24;11;6;19;15;15;13;14;5;16;12;12;17;2;14;20;19;14;21;21;20;17;9;17;14;27;24;25;24;22;16;26;38;33;22;16;14;30;22;28;31;28;25;31;28;36;984"
"""355600 URUPES"";-;-;-;-;-;-;-;-;-;-;5;49;27;29;29;38;37;32;29;44;39;33;40;31;13;41;31;33;28;35;36;48;41;36;13;41;32;34;54;58;55;35;41;39;30;39;35;61;41;26;29;96;77;83;82;88;82;107;109;101;2292"
"""355620 VALINHOS"";-;-;-;-;-;-;-;-;-;-;50;285;273;336;312;328;272;269;311;294;333;352;361;340;334;374;321;367;379;368;398;383;351;351;309;333;323;340;345;345;342;346;367;346;375;350;305;347;347;423;398;397;374;393;385;384;435;387;382;319;17139"
"""355630 VALPARAISO"";-;-;-;-;-;-;-;-;2;2;6;45;35;46;53;61;35;56;50;54;56;53;46;50;47;69;62;85;58;78;66;61;55;64;51;61;51;54;74;73;72;63;53;76;54;80;56;68;94;68;77;87;74;77;70;73;68;75;79;52;3075"
"""355640 VARGEM GRANDE DO SUL"";-;-;-;-;-;-;-;-;-;1;41;211;222;244;244;268;246;264;274;236;232;218;245;257;194;183;205;224;192;233;213;172;196;202;213;201;223;219;154;178;155;189;198;214;199;164;196;158;179;180;198;193;194;203;194;179;182;171;163;101;10015"
"""355650 VARZEA PAULISTA"";-;-;-;-;-;-;-;-;-;-;-;69;66;42;42;56;46;57;51;62;55;49;9;32;-;-;-;-;-;-;-;1;12;61;51;44;58;73;85;77;91;102;86;72;54;78;70;82;71;87;67;75;66;67;61;52;56;69;52;54;2510"
"""355670 VINHEDO"";-;-;-;-;-;-;-;-;-;1;33;299;329;430;368;366;375;378;401;359;333;344;312;374;363;430;370;399;396;393;434;454;426;359;409;399;451;489;501;550;460;530;522;486;499;484;459;496;463;533;523;617;452;488;474;510;495;441;407;400;21264"
"""355680 VIRADOURO"";-;-;-;-;-;-;-;-;-;1;7;36;29;34;36;39;31;28;36;37;29;27;29;38;45;33;30;21;29;27;28;21;25;34;35;20;48;34;37;46;38;31;22;22;19;24;21;28;31;37;32;37;28;25;15;29;30;26;28;31;1504"
"""355700 VOTORANTIM"";-;-;-;-;-;-;-;-;-;2;32;360;329;352;315;331;351;438;425;386;327;345;381;396;359;396;412;410;425;371;345;359;345;311;317;362;326;310;386;329;387;463;361;332;335;322;304;298;297;338;343;346;342;319;319;300;473;356;336;246;17350"
"""355710 VOTUPORANGA"";-;-;-;-;-;-;1;-;-;7;95;758;699;789;804;770;683;705;658;704;729;715;720;726;712;841;767;834;790;759;758;792;780;732;810;754;751;905;941;891;886;876;867;802;904;877;952;1056;1006;1034;1016;1078;995;995;973;1042;1030;963;948;967;41647"
"""355720 CHAVANTES"";-;-;-;-;-;-;-;-;-;3;11;70;53;66;68;64;58;85;80;107;83;72;72;103;101;93;100;116;99;94;86;110;87;84;105;98;96;102;93;128;81;59;100;119;105;91;79;93;108;124;73;87;97;101;89;109;88;94;92;78;4454"
"""Total"";2;2;2;2;8;43;259;1253;7611;20174;73013;198595;183043;211526;200496;215361;205418;209030;220458;209948;212801;206949;199869;212022;198647;234504;213402;233461;220911;220567;231461;215035;221057;212546;205076;220870;214137;236417;245103;244743;232801;235646;238720;238014;245886;227120;214300;233840;227377;244784;245423;254422;241246;247888;247128;246481;250339;226397;206601;162154;11022389"
&
