"""Municˇpio"";""Cap 01"";""Cap 02"";""Cap 03"";""Cap 04"";""Cap 05"";""Cap 06"";""Cap 07"";""Cap 08"";""Cap 09"";""Cap 10"";""Cap 11"";""Cap 12"";""Cap 13"";""Cap 14"";""Cap 15"";""Cap 16"";""Cap 17"";""Cap 18"";""Cap 19"";""Cap 21"";""Total"""
"""350010 ADAMANTINA"";1077;1232;137;318;628;162;26;33;1626;1160;1170;294;284;904;1285;122;47;267;1191;197;12160"
"""350020 ADOLFO"";118;211;9;72;19;52;39;5;265;229;301;39;40;231;176;69;16;20;196;28;2135"
"""350030 AGUAI"";367;620;29;168;503;126;310;30;992;1043;1188;193;176;864;1463;123;60;147;829;277;9508"
"""350040 AGUAS DA PRATA"";63;148;6;29;101;34;22;5;263;194;292;48;61;198;236;20;13;34;196;89;2052"
"""350050 AGUAS DE LINDOIA"";441;589;94;60;367;102;102;12;923;851;965;114;128;443;862;96;43;133;599;145;7069"
"""350055 AGUAS DE SANTA BARBARA"";98;183;2;10;29;24;10;4;193;127;183;14;30;126;220;19;14;30;275;19;1610"
"""350060 AGUAS DE SAO PEDRO"";24;111;5;22;38;35;121;4;170;88;217;22;54;100;59;13;2;19;91;10;1205"
"""350070 AGUDOS"";383;1215;50;153;114;157;99;37;1125;837;1575;338;357;1096;1817;267;87;218;1578;539;12042"
"""350075 ALAMBARI"";60;90;4;17;2;17;16;1;232;156;200;48;26;141;268;22;16;20;174;38;1548"
"""350080 ALFREDO MARCONDES"";197;186;12;24;150;39;112;6;190;112;252;60;73;176;131;39;3;35;120;29;1946"
"""350090 ALTAIR"";49;95;7;22;10;19;16;6;132;158;138;13;37;126;105;15;14;19;113;21;1115"
"""350100 ALTINOPOLIS"";412;691;120;265;612;256;773;63;1516;1024;1318;226;204;852;1055;217;72;245;2349;192;12462"
"""350110 ALTO ALEGRE"";122;90;18;55;17;10;7;1;146;163;140;17;16;85;122;24;5;12;113;34;1197"
"""350115 ALUMINIO"";64;194;29;32;17;50;41;5;289;173;308;53;39;158;451;77;21;25;307;100;2433"
"""350120 ALVARES FLORENCE"";74;135;9;31;26;37;37;5;248;128;156;23;59;155;91;10;2;219;216;32;1693"
"""350130 ALVARES MACHADO"";898;850;74;393;553;159;660;18;1273;874;1102;193;213;720;897;230;64;245;804;248;10468"
"""350140 ALVARO DE CARVALHO"";51;74;10;19;79;12;10;1;126;96;134;25;16;91;148;7;8;22;120;41;1090"
"""350150 ALVINLANDIA"";67;64;3;37;69;14;5;2;84;164;91;18;23;105;112;11;7;11;90;39;1016"
"""350160 AMERICANA"";1782;3054;285;652;1477;521;473;90;4766;3938;4901;786;517;3184;5504;782;283;722;4333;1044;39094"
"""350170 AMERICO BRASILIENSE"";560;782;89;218;281;241;848;27;1456;1132;1274;202;195;748;1228;171;79;373;698;286;10888"
"""350180 AMERICO DE CAMPOS"";84;206;6;38;29;56;29;8;282;124;229;20;52;210;152;17;19;202;288;30;2081"
"""350190 AMPARO"";930;1395;387;277;704;376;224;33;1898;1696;2435;271;373;1087;1999;213;90;371;1685;198;16642"
"""350200 ANALANDIA"";50;98;7;17;4;28;82;4;115;73;176;26;34;84;156;16;2;12;101;33;1118"
"""350210 ANDRADINA"";725;1159;260;313;197;446;68;19;1821;1673;1654;186;272;1349;1878;205;76;425;1003;383;14112"
"""350220 ANGATUBA"";377;527;137;156;102;134;55;16;791;1306;948;252;87;674;1271;129;46;118;695;483;8304"
"""350230 ANHEMBI"";144;169;13;13;47;26;20;4;232;207;179;19;28;109;256;66;18;35;166;26;1777"
"""350240 ANHUMAS"";120;167;28;81;115;22;138;4;242;165;215;29;36;172;148;47;16;23;124;39;1931"
"""350250 APARECIDA"";623;945;197;157;55;77;500;24;1664;1126;1089;242;154;795;1066;142;63;158;947;207;10231"
"""350260 APARECIDA D'OESTE"";189;132;22;56;24;52;31;5;206;167;226;18;26;138;147;15;25;38;149;23;1689"
"""350270 APIAI"";390;261;160;189;140;111;51;14;822;1293;756;557;76;740;1295;157;73;85;617;313;8100"
"""350275 ARACARIGUAMA"";107;286;37;45;24;67;65;10;264;321;513;68;52;257;1128;176;49;46;475;142;4132"
"""350280 ARACATUBA"";1921;3935;164;489;295;1399;296;159;3919;5175;4803;965;498;2588;2500;1049;208;505;5365;674;36907"
"""350290 ARACOIABA DA SERRA"";130;545;39;67;25;110;63;8;716;399;801;140;102;317;1115;147;49;58;774;220;5825"
"""350300 ARAMINA"";90;114;19;24;59;17;10;3;186;166;195;41;67;204;175;5;13;26;126;16;1556"
"""350310 ARANDU"";139;153;9;60;25;31;20;5;285;248;171;11;33;130;334;34;23;28;171;36;1946"
"""350315 ARAPEI"";33;63;12;11;9;6;39;6;112;74;124;24;27;72;77;7;6;9;81;9;801"
"""350320 ARARAQUARA"";2450;7175;575;959;1178;1142;2912;131;8404;4703;7191;825;1513;4525;7736;978;497;3036;4782;1673;62385"
"""350330 ARARAS"";1262;1751;125;395;383;415;566;48;3313;2592;3534;331;608;2500;3841;650;205;523;2533;1074;26649"
"""350335 ARCO-IRIS"";82;67;7;18;10;18;3;1;111;82;93;10;19;46;74;7;2;12;64;31;757"
"""350340 AREALVA"";72;459;12;19;84;34;51;7;367;201;362;81;86;281;314;76;20;82;448;27;3083"
"""350350 AREIAS"";67;91;9;6;16;8;51;3;148;127;127;29;9;96;193;21;15;19;72;10;1117"
"""350360 AREIOPOLIS"";245;214;25;42;82;39;21;7;316;357;262;22;35;199;353;69;15;93;185;39;2620"
"""350370 ARIRANHA"";148;254;17;43;78;52;57;3;280;223;195;43;46;244;134;33;19;16;247;42;2174"
"""350380 ARTUR NOGUEIRA"";242;731;28;64;296;111;276;20;686;567;932;101;148;535;484;173;71;123;515;305;6408"
"""350390 ARUJA"";634;1486;149;289;382;278;263;21;1693;1182;2291;347;359;1418;3556;367;200;334;2583;651;18483"
"""350395 ASPASIA"";31;73;4;26;15;35;8;1;106;83;101;9;33;80;80;4;2;11;71;25;798"
"""350400 ASSIS"";1842;2766;360;364;799;300;58;24;4334;2153;3888;429;697;3016;3499;522;142;545;3022;1131;29891"
"""350410 ATIBAIA"";1016;2366;218;424;220;476;244;71;3840;3455;4054;635;512;3479;5128;656;260;609;3752;1070;32485"
"""350420 AURIFLAMA"";333;289;116;335;22;66;51;2;408;733;717;76;26;457;357;55;29;66;331;108;4577"
"""350430 AVAI"";44;101;3;25;19;12;17;5;153;95;193;51;26;101;263;69;19;33;215;19;1463"
"""350440 AVANHANDAVA"";152;195;6;38;39;70;24;3;309;289;476;46;42;229;512;77;24;30;315;150;3026"
"""350450 AVARE"";1346;2205;117;407;305;389;216;46;2844;1962;2623;302;555;2003;4707;488;147;368;3140;861;25031"
"""350460 BADY BASSITT"";784;964;54;187;84;266;93;33;1065;763;1306;187;210;998;1286;322;68;83;1073;234;10060"
"""350470 BALBINOS"";56;96;6;14;50;7;11;-;80;86;132;41;25;68;22;10;2;23;171;11;911"
"""350480 BALSAMO"";224;305;24;74;36;129;44;8;514;366;489;86;69;331;360;96;17;32;395;57;3656"
"""350490 BANANAL"";106;166;21;24;18;8;77;2;210;173;216;32;67;123;293;37;8;25;195;23;1824"
"""350500 BARAO DE ANTONINA"";70;91;8;29;46;12;12;1;127;185;142;20;30;78;161;38;9;48;144;37;1288"
"""350510 BARBOSA"";69;150;3;14;12;25;15;4;176;179;215;20;28;109;300;36;9;21;160;111;1656"
"""350520 BARIRI"";589;1223;149;264;518;197;85;26;1238;1213;1348;190;203;955;1733;136;76;217;826;132;11318"
"""350530 BARRA BONITA"";432;1637;140;196;282;203;95;26;1374;1229;1460;244;151;939;813;157;45;252;858;140;10673"
"""350535 BARRA DO CHAPEU"";84;55;44;44;17;14;8;2;199;312;160;82;26;110;320;30;19;12;149;59;1746"
"""350540 BARRA DO TURVO"";30;100;5;17;17;49;8;-;191;148;283;67;37;156;302;38;9;32;203;83;1775"
"""350550 BARRETOS"";1847;7318;202;1439;1022;772;517;84;4517;3290;4458;725;972;3558;4077;916;371;325;3857;376;40643"
"""350560 BARRINHA"";332;658;81;114;168;174;325;15;791;470;716;138;177;501;1240;283;47;153;797;326;7506"
"""350570 BARUERI"";4696;8739;875;1357;2617;1912;10049;256;12199;11567;16910;9112;2333;11727;16307;2435;1073;3620;9411;5109;132304"
"""350580 BASTOS"";1436;515;277;410;171;97;19;4;1070;1605;1058;99;140;887;873;132;30;119;690;245;9877"
"""350590 BATATAIS"";1316;2262;324;550;270;539;2279;81;2567;2472;3054;413;830;1836;2461;394;162;854;2630;650;25944"
"""350600 BAURU"";3754;11328;441;1075;1647;893;1433;326;8962;6785;9606;2987;1694;8954;13914;4113;950;1914;14068;1779;96623"
"""350610 BEBEDOURO"";983;2117;277;345;236;332;352;36;1990;1516;2681;313;691;2029;2251;402;153;547;2414;712;20377"
"""350620 BENTO DE ABREU"";30;47;7;11;7;7;5;2;52;125;76;2;1;37;77;13;1;11;47;13;571"
"""350630 BERNARDINO DE CAMPOS"";492;332;55;106;167;70;10;1;637;581;577;60;75;312;466;85;22;52;356;87;4543"
"""350635 BERTIOGA"";956;1161;310;304;388;196;817;19;1449;1488;1574;397;305;1146;3507;376;155;93;1818;999;17458"
"""350640 BILAC"";90;211;30;18;19;35;22;4;203;188;255;34;30;176;137;20;13;33;202;42;1762"
"""350650 BIRIGUI"";1167;2151;364;250;324;252;272;61;2432;2748;2632;497;271;2002;4551;514;142;263;3111;293;24297"
"""350660 BIRITIBA MIRIM"";264;580;55;81;107;146;219;4;770;444;979;92;119;474;1288;106;77;198;1082;468;7553"
"""350670 BOA ESPERANCA DO SUL"";155;365;37;72;23;68;285;14;534;300;532;58;98;281;548;82;36;538;322;163;4511"
"""350680 BOCAINA"";81;459;45;48;181;68;9;3;404;413;454;129;36;253;77;60;26;73;287;42;3148"
"""350690 BOFETE"";259;343;6;47;96;58;38;7;410;317;424;31;30;181;449;132;33;73;352;77;3363"
"""350700 BOITUVA"";437;1026;140;234;180;159;94;33;1661;1577;1671;421;243;1250;2198;321;84;168;1623;718;14238"
"""350710 BOM JESUS DOS PERDOES"";254;383;36;136;121;73;44;8;728;633;875;167;88;586;854;120;58;82;732;261;6239"
"""350715 BOM SUCESSO DE ITARARE"";67;39;5;37;7;18;5;4;149;126;89;18;12;80;231;22;13;4;88;11;1025"
"""350720 BORA"";16;37;-;7;5;3;1;1;49;51;65;11;12;33;21;1;2;11;39;14;379"
"""350730 BORACEIA"";53;205;12;39;26;25;15;4;168;167;250;43;23;101;302;35;17;37;143;14;1679"
"""350740 BORBOREMA"";542;430;101;152;133;75;170;7;704;708;757;206;220;590;435;47;43;55;513;54;5942"
"""350745 BOREBI"";21;111;5;13;28;11;18;2;80;33;110;27;18;76;137;37;9;24;126;27;913"
"""350750 BOTUCATU"";5244;4153;171;837;1108;1102;705;120;5606;6801;5057;700;680;3273;4946;1406;326;1340;5009;890;49474"
"""350760 BRAGANCA PAULISTA"";1417;3121;286;563;1171;521;5058;64;5402;3682;5178;683;1052;4345;6074;787;390;593;4908;3557;48852"
"""350770 BRAUNA"";63;122;8;8;17;18;16;1;149;163;196;12;12;67;192;31;15;13;124;74;1301"
"""350775 BREJO ALEGRE"";51;70;28;15;2;13;8;-;73;121;98;11;6;72;78;17;5;14;66;21;769"
"""350780 BRODOWSKI"";381;959;86;112;134;243;456;19;882;641;996;219;210;680;849;243;86;230;1038;201;8665"
"""350790 BROTAS"";376;907;60;136;114;66;36;13;862;1170;977;182;84;601;983;134;40;124;856;349;8070"
"""350800 BURI"";252;407;24;53;65;63;32;11;422;406;565;55;43;249;1194;136;50;50;442;217;4736"
"""350810 BURITAMA"";346;301;69;96;43;76;54;10;464;846;508;45;49;403;544;91;19;54;574;52;4644"
"""350820 BURITIZAL"";48;136;13;30;39;13;13;-;116;123;143;19;60;184;163;17;3;30;115;28;1293"
"""350830 CABRALIA PAULISTA"";93;211;29;32;105;32;23;3;194;236;314;47;45;220;247;68;16;111;365;41;2432"
"""350840 CABREUVA"";292;556;58;109;219;156;542;6;967;839;1342;1130;149;703;1406;241;65;280;898;340;10298"
"""350850 CACAPAVA"";815;2365;187;554;192;328;323;40;2920;2227;2951;355;460;2175;3018;326;152;583;2774;693;23438"
"""350860 CACHOEIRA PAULISTA"";327;835;119;175;167;59;186;23;1002;734;755;163;147;695;1075;167;69;159;768;112;7737"
"""350870 CACONDE"";334;395;136;476;215;126;50;14;866;894;742;106;146;750;719;59;56;158;612;209;7063"
"""350880 CAFELANDIA"";231;470;63;218;166;317;76;11;698;710;787;120;93;637;589;58;38;71;534;152;6039"
"""350890 CAIABU"";284;144;16;28;76;26;84;6;196;130;297;28;52;117;183;38;7;51;126;33;1922"
"""350900 CAIEIRAS"";757;1674;164;363;609;446;1302;15;2408;2108;2655;676;354;1946;3349;577;178;2160;1947;540;24228"
"""350910 CAIUA"";103;150;29;49;74;21;27;2;251;140;207;58;32;136;140;14;10;30;152;22;1647"
"""350920 CAJAMAR"";628;1176;216;345;1021;397;940;38;1902;1639;2186;506;348;1413;2953;285;137;648;2951;1229;20958"
"""350925 CAJATI"";132;473;79;51;76;265;43;8;666;824;1205;333;187;787;1582;201;77;207;815;389;8400"
"""350930 CAJOBI"";413;697;25;70;18;45;35;4;362;628;461;34;137;567;240;33;33;48;254;57;4161"
"""350940 CAJURU"";972;973;113;587;1093;269;547;38;1684;2018;1853;548;374;1405;1191;162;75;190;1272;270;15634"
"""350945 CAMPINA DO MONTE ALEGRE"";71;136;25;22;15;35;7;6;209;263;246;49;26;106;290;24;12;28;174;116;1860"
"""350950 CAMPINAS"";15516;15523;2459;3758;4598;4256;4662;830;26320;28149;22833;4150;4438;19056;35062;5599;2056;9615;21266;10595;240741"
"""350960 CAMPO LIMPO PAULISTA"";908;1007;162;428;149;387;318;19;2535;2327;2171;626;215;1718;2520;320;112;351;2917;961;20151"
"""350970 CAMPOS DO JORDAO"";375;1050;119;367;322;149;445;9;1612;1919;1631;168;267;1624;3014;394;117;417;1635;357;15991"
"""350980 CAMPOS NOVOS PAULISTA"";92;95;6;37;73;22;17;2;169;186;252;22;36;112;217;33;15;31;178;83;1678"
"""350990 CANANEIA"";63;246;34;36;41;95;29;5;383;328;621;183;118;307;676;93;19;99;305;164;3845"
"""350995 CANAS"";69;136;13;29;5;18;49;3;179;138;154;31;16;134;285;24;8;93;104;20;1508"
"""351000 CANDIDO MOTA"";487;954;191;260;282;122;47;14;1661;1030;1539;410;139;1063;1031;111;71;123;904;424;10863"
"""351010 CANDIDO RODRIGUES"";36;71;13;13;11;30;64;3;102;119;130;10;37;67;87;14;10;26;82;19;944"
"""351015 CANITAR"";61;118;18;39;40;31;5;2;211;138;185;28;28;154;501;102;15;19;196;63;1954"
"""351020 CAPAO BONITO"";451;877;255;244;102;112;483;43;1325;1785;1407;147;220;978;2395;266;104;307;1175;589;13265"
"""351030 CAPELA DO ALTO"";91;402;57;58;90;67;58;4;492;310;595;108;118;207;1031;152;39;39;583;221;4722"
"""351040 CAPIVARI"";453;1065;85;227;193;171;249;16;1521;1021;1381;344;239;1120;2032;196;84;265;1061;626;12349"
"""351050 CARAGUATATUBA"";2223;7126;297;592;756;665;2467;90;5217;4787;6629;3456;1269;5955;7271;974;428;709;5036;728;56675"
"""351060 CARAPICUIBA"";4760;7101;1376;1354;723;2134;2480;207;10554;10452;10406;3249;1515;7500;17820;3527;874;2305;9615;3093;101045"
"""351070 CARDOSO"";272;359;72;200;136;48;77;14;510;758;530;72;109;811;311;46;26;235;470;61;5117"
"""351080 CASA BRANCA"";560;584;111;356;854;134;245;11;1252;879;1293;237;502;1035;1099;128;56;162;1065;386;10949"
"""351090 CASSIA DOS COQUEIROS"";50;131;19;28;29;26;144;1;176;112;151;22;29;88;73;23;22;38;152;17;1331"
"""351100 CASTILHO"";240;413;121;147;124;111;33;5;670;819;534;70;31;611;545;64;18;242;445;107;5350"
"""351110 CATANDUVA"";1927;3270;215;537;1706;693;406;33;3886;2703;2935;591;703;2765;2716;683;179;341;3839;604;30732"
"""351120 CATIGUA"";157;219;5;26;136;36;35;2;286;205;216;32;36;172;122;25;12;25;151;46;1944"
"""351130 CEDRAL"";267;366;21;83;33;133;62;15;562;391;627;65;65;395;458;109;30;29;456;80;4247"
"""351140 CERQUEIRA CESAR"";432;595;144;274;389;117;352;11;960;955;976;222;124;758;983;171;51;104;781;130;8529"
"""351150 CERQUILHO"";246;628;72;123;80;121;85;12;859;879;998;272;142;663;1545;317;84;99;1037;123;8385"
"""351160 CESARIO LANGE"";357;375;78;111;30;76;62;4;519;469;786;61;86;317;781;129;56;50;378;58;4783"
"""351170 CHARQUEADA"";202;370;81;111;207;88;231;12;533;576;577;134;118;594;515;84;22;489;409;185;5538"
"""351190 CLEMENTINA"";140;151;39;45;7;78;18;12;233;392;316;37;35;247;248;30;11;54;192;100;2385"
"""351200 COLINA"";394;614;78;225;79;136;44;11;599;645;663;93;129;845;683;75;57;177;531;104;6182"
"""351210 COLOMBIA"";73;222;15;52;8;33;49;9;244;206;314;49;72;171;286;61;15;48;226;49;2202"
"""351220 CONCHAL"";429;723;119;260;254;114;600;28;1110;1094;1226;302;208;1204;1764;309;77;243;822;284;11170"
"""351230 CONCHAS"";596;521;70;118;165;76;52;11;590;867;457;86;49;445;579;119;34;99;479;53;5466"
"""351240 CORDEIROPOLIS"";93;311;33;52;163;60;282;21;481;429;650;72;73;401;720;145;38;44;401;227;4696"
"""351250 COROADOS"";75;130;21;27;17;17;12;-;202;147;211;29;21;113;193;24;15;24;164;50;1492"
"""351260 CORONEL MACEDO"";73;116;33;42;47;25;18;6;153;216;175;62;31;159;198;27;5;67;167;47;1667"
"""351270 CORUMBATAI"";38;124;15;14;4;31;97;2;104;86;141;34;27;96;126;21;8;9;95;30;1102"
"""351280 COSMOPOLIS"";538;954;77;362;459;182;433;26;1401;1387;1766;246;321;1116;1643;263;85;283;1372;497;13411"
"""351290 COSMORAMA"";137;241;8;27;26;60;43;7;402;225;335;30;69;293;292;46;29;257;382;82;2991"
"""351300 COTIA"";2232;4079;684;1068;604;1175;2774;91;5539;4519;6377;1177;906;3661;11185;1386;546;1623;6914;2642;59182"
"""351310 CRAVINHOS"";434;914;119;155;451;225;592;21;1152;673;1020;256;182;776;1024;273;92;190;1032;213;9794"
"""351320 CRISTAIS PAULISTA"";101;172;26;26;32;64;9;5;277;268;302;42;52;210;341;55;22;36;209;73;2322"
"""351330 CRUZALIA"";28;79;10;18;18;15;1;-;90;59;105;8;7;47;69;4;2;7;60;23;650"
"""351340 CRUZEIRO"";1558;2447;216;407;555;211;755;54;3139;2282;2576;660;330;1920;2624;343;148;312;2030;277;22844"
"""351350 CUBATAO"";1052;1951;185;417;770;422;1699;32;2696;2002;3274;507;606;2332;4314;961;244;617;2471;1495;28047"
"""351360 CUNHA"";664;814;138;530;41;107;308;9;1249;963;762;164;114;676;934;52;58;144;790;77;8594"
"""351370 DESCALVADO"";624;819;191;137;279;348;782;16;1625;1194;1164;132;206;865;921;87;59;225;1027;267;10968"
"""351380 DIADEMA"";4183;7055;886;1705;2588;2621;1830;217;10668;9991;9700;3498;1805;8012;11497;3289;805;2845;12437;4289;99921"
"""351385 DIRCE REIS"";45;74;10;19;19;11;8;1;101;64;84;8;18;64;66;15;4;9;68;16;704"
"""351390 DIVINOLANDIA"";171;278;97;200;56;172;47;30;561;782;558;289;139;440;357;46;56;87;401;126;4893"
"""351400 DOBRADA"";95;122;27;51;50;58;77;11;238;215;297;31;103;202;307;46;21;48;272;76;2347"
"""351410 DOIS CORREGOS"";509;822;87;338;183;126;47;11;853;1378;874;196;108;893;937;131;54;171;553;42;8313"
"""351420 DOLCINOPOLIS"";66;74;13;18;9;19;11;1;130;91;98;10;19;70;115;20;18;23;102;21;928"
"""351430 DOURADO"";64;247;24;25;33;43;152;1;310;118;297;19;48;140;92;23;23;174;256;20;2109"
"""351440 DRACENA"";945;1436;126;436;452;209;204;38;1885;1662;1812;234;355;1316;1292;210;66;328;973;167;14146"
"""351450 DUARTINA"";231;647;106;128;297;66;199;15;635;613;811;119;124;694;686;112;31;320;1101;183;7118"
"""351460 DUMONT"";115;255;18;41;83;67;197;8;282;212;297;61;75;223;308;88;19;36;285;68;2738"
"""351470 ECHAPORA"";91;114;2;44;97;17;11;2;249;171;253;28;43;117;220;45;11;31;157;68;1771"
"""351480 ELDORADO"";52;189;49;37;28;80;12;9;261;309;515;126;80;269;675;89;28;65;323;152;3348"
"""351490 ELIAS FAUSTO"";120;303;24;81;38;70;118;5;493;320;545;66;136;358;579;59;38;76;381;242;4052"
"""351492 ELISIARIO"";60;86;5;14;48;32;23;1;140;80;97;19;13;83;70;21;7;10;74;14;897"
"""351495 EMBAUBA"";52;82;7;26;27;14;20;1;133;84;104;27;22;73;51;11;3;9;68;9;823"
"""351500 EMBU DAS ARTES"";2593;4961;812;1153;1318;1289;2241;105;7731;7318;8904;1389;1073;5165;11383;1617;762;1446;7404;3220;71884"
"""351510 EMBU-GUACU"";960;1004;245;527;327;339;864;34;3039;2481;2372;415;307;1433;2583;502;140;941;3489;590;22592"
"""351512 EMILIANOPOLIS"";200;128;24;191;18;49;129;1;166;217;182;25;32;210;94;28;3;16;60;21;1794"
"""351515 ENGENHEIRO COELHO"";99;310;25;60;94;69;168;10;403;416;646;130;97;380;772;174;63;58;344;300;4618"
"""351518 ESPIRITO SANTO DO PINHAL"";639;629;37;270;2251;200;130;38;1513;1261;1655;200;258;1216;1213;201;89;250;1126;291;13467"
"""351519 ESPIRITO SANTO DO TURVO"";79;95;11;32;81;21;5;2;165;159;206;17;22;153;276;57;8;22;156;68;1635"
"""351520 ESTRELA D'OESTE"";820;246;45;168;45;114;34;15;370;576;400;70;115;556;351;57;30;75;269;38;4394"
"""351530 ESTRELA DO NORTE"";71;74;8;12;94;26;54;2;127;65;95;10;22;78;56;11;3;31;82;22;943"
"""351535 EUCLIDES DA CUNHA PAULISTA"";226;231;35;49;281;72;281;4;552;353;395;100;68;309;341;40;19;93;356;105;3910"
"""351540 FARTURA"";388;481;81;139;119;46;50;24;731;859;680;143;113;650;669;66;22;126;585;52;6024"
"""351550 FERNANDOPOLIS"";1454;2005;425;359;254;520;302;58;2932;1586;2936;383;591;1993;2697;398;166;525;2241;398;22223"
"""351560 FERNANDO PRESTES"";77;173;19;49;30;37;30;2;284;181;195;40;61;186;134;39;10;18;162;44;1771"
"""351565 FERNAO"";36;86;2;18;36;5;4;3;60;69;87;6;25;83;62;6;3;7;53;28;679"
"""351570 FERRAZ DE VASCONCELOS"";1278;2802;446;516;750;509;810;70;3903;3008;4016;655;500;2448;5694;605;341;564;3571;2154;34640"
"""351580 FLORA RICA"";35;59;17;20;16;5;4;3;66;95;71;11;15;57;47;3;2;2;23;10;561"
"""351590 FLOREAL"";80;116;13;36;16;25;9;4;131;333;131;9;22;132;56;12;17;69;120;14;1345"
"""351600 FLORIDA PAULISTA"";388;253;102;614;186;75;12;5;703;733;511;63;64;492;356;29;6;95;469;94;5250"
"""351610 FLORINEA"";64;100;11;5;63;17;3;-;141;62;132;13;2;82;104;21;5;18;93;18;954"
"""351620 FRANCA"";4609;5588;590;1105;3375;1657;816;161;9451;7537;8769;1686;1483;5725;12642;1958;621;1025;8429;1852;79079"
"""351630 FRANCISCO MORATO"";2250;2263;548;1020;1477;712;1561;87;5194;6196;4435;1254;655;3695;9286;1473;372;1448;6225;2076;52227"
"""351640 FRANCO DA ROCHA"";1103;2095;251;408;1692;559;1998;26;3684;1826;3789;666;572;2185;6403;1098;320;763;3701;869;34008"
"""351650 GABRIEL MONTEIRO"";47;76;18;15;4;20;9;-;63;81;82;4;16;58;52;14;1;14;70;27;671"
"""351660 GALIA"";169;215;10;75;125;28;14;1;243;320;287;41;42;219;207;29;12;66;203;53;2359"
"""351670 GARCA"";657;1100;185;308;825;208;52;5;1277;1031;1267;133;183;1133;1802;128;82;159;946;346;11827"
"""351680 GASTAO VIDIGAL"";84;127;7;23;14;19;29;3;122;296;142;10;22;105;91;22;5;75;132;14;1342"
"""351685 GAVIAO PEIXOTO"";49;71;25;15;8;15;61;5;206;110;180;18;29;75;158;28;11;23;82;41;1210"
"""351690 GENERAL SALGADO"";500;308;16;109;36;69;49;5;921;661;431;32;85;459;284;46;34;164;392;61;4662"
"""351700 GETULINA"";199;289;75;123;466;63;36;-;380;405;404;110;51;451;282;30;17;65;262;28;3736"
"""351710 GLICERIO"";73;166;5;22;14;23;13;-;145;136;214;27;32;62;133;19;8;22;124;91;1329"
"""351720 GUAICARA"";119;248;17;47;128;109;34;5;417;264;529;82;50;305;533;40;27;97;381;57;3489"
"""351730 GUAIMBE"";88;105;7;38;52;29;14;1;204;153;244;23;32;162;170;29;14;26;164;49;1604"
"""351740 GUAIRA"";1494;1541;144;328;226;328;363;21;1522;1389;1585;309;533;1706;1308;174;70;279;1423;557;15300"
"""351750 GUAPIACU"";549;673;45;171;81;258;89;30;903;720;1136;164;186;658;989;258;77;75;883;179;8124"
"""351760 GUAPIARA"";181;241;48;78;38;40;35;4;536;446;467;108;64;302;722;56;28;67;426;69;3956"
"""351770 GUARA"";374;407;63;162;384;97;54;13;722;645;644;86;163;831;689;55;34;68;424;125;6040"
"""351780 GUARACAI"";269;217;56;222;11;66;15;17;363;590;493;97;68;302;183;16;12;33;281;92;3403"
"""351790 GUARACI"";136;331;34;40;39;52;43;2;367;350;319;47;86;239;325;44;19;51;281;39;2844"
"""351800 GUARANI D'OESTE"";61;81;10;18;18;28;18;4;95;77;143;15;28;74;67;11;14;14;84;14;874"
"""351810 GUARANTA"";92;97;8;45;176;23;8;1;191;196;242;30;28;136;223;39;10;25;169;106;1845"
"""351820 GUARARAPES"";574;584;371;223;123;208;69;14;873;1600;1074;152;144;869;749;91;58;66;789;304;8935"
"""351830 GUARAREMA"";471;621;118;142;164;123;578;32;1134;957;1390;143;235;949;1359;127;89;216;1463;503;10814"
"""351840 GUARATINGUETA"";1240;3786;239;715;145;317;583;33;4005;2736;3827;489;398;3667;3829;207;169;867;2562;293;30107"
"""351850 GUAREI"";112;260;13;47;13;34;21;3;285;330;427;75;53;133;546;50;23;29;400;77;2931"
"""351860 GUARIBA"";540;1062;90;180;245;358;249;23;1353;1111;1201;287;306;950;1340;540;79;310;1289;616;12129"
"""351870 GUARUJA"";2865;3967;296;1194;449;758;432;52;5036;3894;7578;835;1813;3790;12510;3532;412;600;5900;1903;57816"
"""351880 GUARULHOS"";12129;18441;2817;3962;3724;5966;5887;321;27481;22477;25637;5184;3581;16991;48295;12267;2433;3753;27584;5903;254833"
"""351885 GUATAPARA"";102;275;24;53;50;64;172;6;379;165;273;52;43;207;263;74;23;51;257;79;2612"
"""351890 GUZOLANDIA"";177;106;48;144;15;26;76;1;182;237;229;24;42;126;132;20;7;31;95;39;1757"
"""351900 HERCULANDIA"";1165;197;24;297;113;53;10;2;639;1416;348;74;62;438;421;45;28;47;230;108;5717"
"""351905 HOLAMBRA"";83;295;30;35;90;78;77;7;371;274;569;35;85;218;714;138;56;53;381;196;3785"
"""351907 HORTOLANDIA"";1668;2879;347;633;307;763;1102;107;5608;3437;5732;695;728;2883;8272;1078;434;942;5663;1282;44560"
"""351910 IACANGA"";167;483;97;76;153;51;54;16;517;608;642;145;102;538;477;72;32;182;851;72;5335"
"""351920 IACRI"";180;204;6;51;50;30;11;6;234;200;234;35;50;120;326;47;15;24;172;81;2076"
"""351925 IARAS"";92;200;14;53;66;37;21;6;224;144;210;39;32;168;318;49;12;28;209;44;1966"
"""351930 IBATE"";481;613;57;153;193;173;290;10;1157;878;1184;144;145;771;1618;189;101;346;1029;117;9649"
"""351940 IBIRA"";617;472;42;172;52;143;43;18;603;872;710;107;105;680;470;111;48;96;423;88;5872"
"""351950 IBIRAREMA"";82;142;22;46;89;39;5;-;253;135;263;33;26;143;310;61;9;21;229;59;1967"
"""351960 IBITINGA"";1145;1867;103;436;828;479;555;32;2574;1903;1926;410;483;1515;3611;183;152;504;2789;155;21650"
"""351970 IBIUNA"";4278;1283;398;263;112;261;202;21;1716;2467;2845;497;288;1856;3503;278;161;439;3104;522;24494"
"""351980 ICEM"";189;279;9;53;22;64;53;9;381;257;345;56;66;279;291;72;21;27;304;75;2852"
"""351990 IEPE"";455;260;80;130;139;58;205;10;499;541;490;111;73;467;309;81;20;83;291;67;4369"
"""352000 IGARACU DO TIETE"";255;886;62;106;191;85;67;11;649;701;859;176;73;516;787;110;56;150;573;151;6464"
"""352010 IGARAPAVA"";321;559;75;170;328;162;40;8;787;934;895;144;181;797;655;74;38;92;570;250;7080"
"""352020 IGARATA"";157;372;25;58;26;74;51;6;462;347;541;50;82;277;503;121;36;81;461;53;3783"
"""352030 IGUAPE"";153;514;68;74;55;219;54;8;730;609;1225;322;123;658;1244;155;52;198;677;346;7484"
"""352040 ILHABELA"";908;1456;252;226;351;196;386;37;1315;1549;1978;394;867;1819;2120;253;162;272;1362;762;16665"
"""352042 ILHA COMPRIDA"";99;453;33;39;62;155;38;7;577;504;974;299;161;459;602;74;36;117;460;212;5361"
"""352044 ILHA SOLTEIRA"";432;492;101;153;421;97;66;22;740;1462;834;143;89;716;641;113;26;317;558;215;7638"
"""352050 INDAIATUBA"";3223;6497;400;785;1231;1810;5620;156;8100;5001;10292;1226;1412;6654;10289;1158;522;1661;10581;3378;79996"
"""352060 INDIANA"";362;187;24;26;161;30;144;8;249;135;336;59;52;127;194;44;20;51;202;47;2458"
"""352070 INDIAPORA"";246;178;41;109;37;61;16;5;294;419;319;62;88;369;92;35;7;58;173;27;2636"
"""352080 INUBIA PAULISTA"";112;125;27;26;63;19;-;5;170;134;136;16;20;77;124;18;6;17;119;43;1257"
"""352090 IPAUSSU"";246;285;166;194;172;85;13;6;675;542;623;38;107;516;565;155;17;36;348;87;4876"
"""352100 IPERO"";149;531;62;63;43;97;56;13;776;477;881;113;95;363;1103;202;63;63;808;345;6303"
"""352110 IPEUNA"";105;174;8;32;28;19;78;3;205;142;303;28;37;146;223;36;13;22;158;81;1841"
"""352115 IPIGUA"";169;218;5;56;24;64;22;11;329;227;306;65;63;284;288;55;15;22;261;56;2540"
"""352120 IPORANGA"";14;44;9;12;4;22;9;-;119;81;148;44;20;80;182;25;9;21;120;73;1036"
"""352130 IPUA"";226;447;99;129;338;113;22;10;437;545;362;480;108;447;441;78;55;83;379;97;4896"
"""352140 IRACEMAPOLIS"";74;367;11;52;46;48;295;16;429;311;677;63;82;364;451;89;27;52;339;210;4003"
"""352150 IRAPUA"";117;256;22;64;69;37;49;3;348;239;218;25;50;243;206;66;24;19;264;55;2374"
"""352160 IRAPURU"";123;229;20;52;55;24;32;4;229;215;217;35;38;116;122;20;13;26;145;25;1740"
"""352170 ITABERA"";186;519;145;92;32;56;39;17;818;1096;883;148;134;701;843;94;34;65;320;56;6278"
"""352180 ITAI"";362;511;85;161;156;103;55;7;824;786;671;63;115;532;513;148;45;79;756;146;6118"
"""352190 ITAJOBI"";496;589;71;267;181;183;94;6;901;1035;678;137;125;871;555;161;37;58;573;179;7197"
"""352200 ITAJU"";45;119;17;36;19;28;9;6;111;112;98;21;24;80;200;19;7;12;106;15;1084"
"""352210 ITANHAEM"";1272;2191;646;246;325;228;365;44;2318;1892;3746;384;383;1775;6764;2559;223;661;2749;1487;30258"
"""352215 ITAOCA"";51;42;15;23;11;7;2;3;113;199;130;73;10;106;154;37;9;9;108;40;1142"
"""352220 ITAPECERICA DA SERRA"";1916;2983;375;980;743;1200;1845;64;5431;4326;5383;880;825;3247;7710;1536;430;797;6211;1655;48537"
"""352230 ITAPETININGA"";1669;2598;185;550;243;403;268;114;5194;4653;4954;1106;415;3398;7266;546;309;423;4642;1969;40905"
"""352240 ITAPEVA"";1870;1739;228;598;172;319;171;56;3247;2654;2649;319;295;1977;4935;543;224;375;2206;142;24719"
"""352250 ITAPEVI"";2425;4028;603;607;595;902;1415;106;4634;4831;6011;1257;720;4012;13031;2864;730;1005;5974;2336;58086"
"""352260 ITAPIRA"";959;1755;103;364;1980;381;485;44;2057;2045;2380;559;551;1903;2614;358;116;209;2145;337;21345"
"""352265 ITAPIRAPUA PAULISTA"";51;35;12;18;6;12;7;1;102;288;148;61;16;110;285;30;12;8;105;53;1360"
"""352270 ITAPOLIS"";1115;1174;226;381;220;318;332;28;2353;2910;1664;332;441;1328;1795;181;87;207;1377;378;16847"
"""352280 ITAPORANGA"";331;528;125;118;322;140;39;13;610;914;682;112;144;418;656;133;29;250;656;124;6344"
"""352290 ITAPUI"";151;599;57;68;219;70;57;6;422;550;660;126;43;398;163;85;31;94;403;55;4257"
"""352300 ITAPURA"";52;62;17;19;46;17;14;2;123;205;128;20;13;77;155;26;9;39;86;24;1134"
"""352310 ITAQUAQUECETUBA"";2794;5206;843;1248;2758;1153;1167;64;8296;5313;9066;1239;1079;5205;17264;2311;737;732;9223;1627;77325"
"""352320 ITARARE"";1119;1429;271;221;444;267;334;41;2241;2273;2348;1044;478;1541;2351;204;139;459;2878;456;20538"
"""352330 ITARIRI"";59;243;52;32;29;78;21;3;297;306;535;82;105;282;666;179;23;65;359;141;3557"
"""352340 ITATIBA"";1437;1753;256;465;246;452;412;42;3064;2583;3411;968;592;3224;4027;399;207;727;2843;928;28036"
"""352350 ITATINGA"";366;353;52;110;210;96;47;9;621;725;458;85;60;338;759;181;54;132;512;148;5316"
"""352360 ITIRAPINA"";246;307;59;112;40;73;191;5;457;462;634;131;125;353;410;53;38;68;394;156;4314"
"""352370 ITIRAPUA"";63;123;28;29;12;29;24;4;161;197;149;26;26;167;194;39;11;24;162;20;1488"
"""352380 ITOBI"";53;166;29;49;123;54;12;5;348;382;444;55;99;206;341;19;23;49;256;148;2861"
"""352390 ITU"";1392;2991;549;402;226;627;339;65;4582;3139;5336;681;540;3387;6571;931;350;887;3810;514;37319"
"""352400 ITUPEVA"";614;866;104;201;353;277;762;34;1802;1826;1984;1170;222;1290;2278;346;79;260;1632;561;16661"
"""352410 ITUVERAVA"";695;734;165;138;622;173;81;18;1366;1207;1476;271;449;1396;1372;142;65;217;1125;227;11939"
"""352420 JABORANDI"";77;212;7;29;28;44;36;4;289;268;248;18;64;240;137;41;27;9;182;32;1992"
"""352430 JABOTICABAL"";930;1808;214;281;423;410;750;44;2095;1590;2253;391;427;1605;2355;515;139;364;2179;669;19442"
"""352440 JACAREI"";3086;6881;414;711;2769;1131;291;71;6187;4206;6826;715;1085;4939;7455;1631;410;747;5493;1046;56094"
"""352450 JACI"";234;183;23;258;32;188;26;14;368;512;471;71;67;372;356;67;23;65;352;86;3768"
"""352460 JACUPIRANGA"";95;304;54;45;58;131;37;10;418;486;688;213;104;490;803;84;33;108;460;222;4843"
"""352470 JAGUARIUNA"";649;1169;73;195;429;206;429;36;1509;1488;2356;212;295;1733;2327;377;125;371;1393;902;16274"
"""352480 JALES"";1013;1663;269;495;344;374;177;24;2177;1327;1845;202;462;1689;1686;179;103;333;1759;330;16451"
"""352490 JAMBEIRO"";36;167;8;18;9;31;42;2;228;119;221;23;29;144;201;20;22;16;174;51;1561"
"""352500 JANDIRA"";692;1688;174;216;225;333;949;46;1765;1505;2370;581;344;1495;3988;790;228;441;2225;1052;21107"
"""352510 JARDINOPOLIS"";656;1217;148;186;313;418;596;36;1212;825;1344;289;237;1014;1577;460;137;224;1462;436;12787"
"""352520 JARINU"";376;631;92;160;155;139;466;15;1104;967;1295;781;123;736;1261;175;53;220;781;506;10036"
"""352530 JAU"";1828;6642;430;866;2418;657;342;86;4533;5474;4248;883;652;4603;5512;812;288;1162;4740;458;46634"
"""352540 JERIQUARA"";50;40;9;23;17;42;10;7;109;145;131;22;26;116;146;23;9;22;104;23;1074"
"""352550 JOANOPOLIS"";150;214;29;71;43;49;24;8;441;410;483;76;60;364;431;64;30;54;399;390;3790"
"""352560 JOAO RAMALHO"";92;112;28;78;142;27;64;2;157;189;144;44;24;115;156;20;4;23;197;31;1649"
"""352570 JOSE BONIFACIO"";1448;929;121;506;79;305;136;53;1594;1946;1743;269;271;1585;1433;357;98;252;1430;213;14768"
"""352580 JULIO MESQUITA"";114;88;3;35;91;16;12;6;147;172;171;21;27;156;185;43;13;17;134;99;1550"
"""352585 JUMIRIM"";15;84;7;20;6;21;5;1;49;111;77;8;35;64;157;20;8;17;67;11;783"
"""352590 JUNDIAI"";4080;8103;677;1312;3613;2608;2437;163;13144;11452;12141;7992;2298;9208;12347;2987;790;3402;9409;2902;111065"
"""352600 JUNQUEIROPOLIS"";473;573;166;425;334;93;104;11;901;1104;846;222;281;667;714;74;31;155;694;92;7960"
"""352610 JUQUIA"";88;368;100;22;59;105;35;11;484;486;828;170;116;426;894;94;32;119;638;242;5317"
"""352620 JUQUITIBA"";427;503;48;235;67;122;507;15;1163;939;1261;182;145;619;1416;319;102;165;1284;454;9973"
"""352630 LAGOINHA"";30;160;11;23;8;14;126;1;151;86;140;18;24;141;160;18;10;20;161;43;1345"
"""352640 LARANJAL PAULISTA"";477;562;213;324;398;82;55;15;948;1253;979;212;70;669;1043;240;48;116;643;261;8608"
"""352650 LAVINIA"";99;162;33;51;23;51;18;4;193;284;309;79;15;166;179;24;6;72;239;46;2053"
"""352660 LAVRINHAS"";136;332;14;47;63;20;94;6;312;266;276;57;36;189;308;37;22;37;167;36;2455"
"""352670 LEME"";1051;1994;541;657;552;378;297;34;2408;2306;2995;385;773;2719;4436;593;161;439;2697;331;25747"
"""352680 LENCOIS PAULISTA"";764;1893;90;250;439;257;245;42;2247;1837;2681;526;681;1932;2716;343;134;320;1856;571;19824"
"""352690 LIMEIRA"";1592;4755;292;895;1690;1002;1865;185;5488;5470;6813;989;1230;6054;7667;1612;607;591;5576;3357;57730"
"""352700 LINDOIA"";122;189;41;22;124;24;52;5;303;242;401;36;40;195;273;36;23;36;180;76;2420"
"""352710 LINS"";854;1543;153;342;1121;777;209;44;2438;1634;2636;574;335;1815;2864;346;98;609;2153;329;20874"
"""352720 LORENA"";1000;2345;188;495;137;216;486;49;2467;2142;2239;550;281;2123;3525;461;171;1361;2061;296;22593"
"""352725 LOURDES"";33;59;29;10;4;12;5;2;56;141;83;2;2;90;37;13;5;18;56;24;681"
"""352730 LOUVEIRA"";415;661;69;129;232;229;120;29;1374;1456;1578;722;238;1295;2130;405;149;2074;1098;447;14850"
"""352740 LUCELIA"";324;647;82;198;320;76;22;4;929;936;664;135;169;543;656;68;23;153;626;158;6733"
"""352750 LUCIANOPOLIS"";31;138;30;10;44;9;14;1;105;97;176;33;20;132;154;33;10;65;159;49;1310"
"""352760 LUIS ANTONIO"";139;400;36;45;64;103;286;14;392;231;423;50;102;221;391;97;36;87;343;85;3545"
"""352770 LUIZIANIA"";73;97;8;19;8;35;7;1;133;165;169;14;32;94;235;28;5;12;135;82;1352"
"""352780 LUPERCIO"";76;119;4;35;56;25;3;1;151;183;160;22;31;137;150;37;12;26;99;57;1384"
"""352790 LUTECIA"";48;64;9;28;30;10;10;-;150;101;160;22;24;89;111;22;8;22;92;38;1038"
"""352800 MACATUBA"";282;740;59;148;211;141;65;26;832;688;930;260;147;697;589;102;40;195;963;47;7162"
"""352810 MACAUBAL"";132;210;13;77;23;41;32;4;301;252;301;22;46;308;164;29;10;145;311;28;2449"
"""352820 MACEDONIA"";68;130;13;36;20;38;31;3;196;90;216;12;31;132;171;31;5;33;147;18;1421"
"""352830 MAGDA"";76;119;10;34;20;12;15;4;136;325;146;20;25;139;66;6;12;66;142;8;1381"
"""352840 MAIRINQUE"";223;607;68;100;57;123;75;10;679;494;725;145;126;486;1637;233;73;118;1105;190;7274"
"""352850 MAIRIPORA"";1043;1062;326;406;1003;368;603;71;2284;2578;2507;678;422;1855;2939;530;148;1158;3961;468;24410"
"""352860 MANDURI"";119;317;9;35;67;43;21;2;260;190;309;27;42;140;314;60;21;26;306;48;2356"
"""352870 MARABA PAULISTA"";83;103;31;27;86;35;17;4;133;144;188;32;26;90;126;21;10;18;116;25;1315"
"""352880 MARACAI"";195;707;53;111;226;59;10;3;606;615;638;75;51;484;479;48;19;61;311;73;4824"
"""352885 MARAPOAMA"";43;96;6;31;52;26;19;1;183;100;112;10;19;110;85;25;5;11;114;23;1071"
"""352890 MARIAPOLIS"";101;83;8;38;51;14;5;2;240;116;158;22;18;95;115;16;7;32;118;11;1250"
"""352900 MARILIA"";3834;6468;379;2140;4527;1016;541;153;7146;8054;7549;1289;2009;5381;7149;1590;528;1413;7076;2342;70584"
"""352910 MARINOPOLIS"";45;78;9;30;10;11;5;1;111;118;94;12;29;83;67;9;12;6;92;11;833"
"""352920 MARTINOPOLIS"";1726;845;126;173;492;189;506;22;1343;895;1860;245;295;804;1170;235;51;388;1178;200;12743"
"""352930 MATAO"";1337;1782;304;507;474;646;818;43;2634;1828;2634;464;1021;1807;1836;216;119;391;2482;391;21734"
"""352940 MAUA"";2830;6037;441;1298;1619;1586;3187;147;8816;4462;8520;2726;1422;5990;10936;1660;724;974;11139;3639;78153"
"""352950 MENDONCA"";198;208;14;65;31;90;30;7;357;238;340;55;68;272;220;61;35;32;256;43;2620"
"""352960 MERIDIANO"";67;136;24;30;6;41;28;4;201;102;195;14;44;103;139;37;9;40;123;36;1379"
"""352965 MESOPOLIS"";46;79;19;20;14;21;8;-;113;60;89;9;21;70;101;6;4;14;87;15;796"
"""352970 MIGUELOPOLIS"";784;287;85;159;130;83;42;10;1003;1078;532;135;105;1020;577;51;41;377;360;96;6955"
"""352980 MINEIROS DO TIETE"";123;560;18;51;251;40;35;8;390;305;418;94;44;287;471;74;32;120;320;66;3707"
"""352990 MIRACATU"";133;317;68;54;39;145;48;10;508;583;915;273;122;499;1060;126;22;124;597;253;5896"
"""353000 MIRA ESTRELA"";44;147;12;39;10;24;20;-;165;77;184;21;43;91;106;10;10;25;127;35;1190"
"""353010 MIRANDOPOLIS"";428;678;158;152;89;146;42;25;814;1423;1263;230;117;634;957;118;32;278;940;152;8676"
"""353020 MIRANTE DO PARANAPANEMA"";374;541;35;58;212;82;586;13;567;328;685;68;102;382;487;126;26;77;395;142;5286"
"""353030 MIRASSOL"";1806;1997;159;508;210;647;271;61;2937;2085;2566;865;449;2293;2166;319;150;212;1992;533;22226"
"""353040 MIRASSOLANDIA"";118;168;10;50;29;52;29;9;244;216;305;33;39;182;199;40;20;24;220;48;2035"
"""353050 MOCOCA"";1007;1930;366;429;857;403;171;67;2545;1927;2194;396;618;1873;3033;288;121;940;2576;615;22356"
"""353060 MOGI DAS CRUZES"";4271;9497;867;1409;2856;1774;1417;252;11864;9990;12999;1546;1629;8882;16239;1573;922;2904;14068;4736;109695"
"""353070 MOGI GUACU"";2869;3944;289;500;1501;739;289;44;4555;3033;4118;756;1130;3152;5821;1181;235;770;4534;857;40317"
"""353080 MOGI MIRIM"";753;1751;73;302;590;276;1039;41;2080;1631;3194;402;471;1667;2681;368;120;460;2401;910;21210"
"""353090 MOMBUCA"";31;67;3;15;17;21;72;2;156;87;133;20;38;88;157;14;3;22;98;42;1086"
"""353100 MONCOES"";54;59;10;34;3;26;17;3;101;218;115;5;14;80;51;12;3;36;83;17;941"
"""353110 MONGAGUA"";742;1125;241;269;189;158;142;36;1398;1387;1562;441;423;989;3044;1187;117;501;1401;678;16030"
"""353120 MONTE ALEGRE DO SUL"";82;169;38;39;69;34;58;4;235;199;293;20;48;206;201;26;12;49;209;47;2038"
"""353130 MONTE ALTO"";1110;1247;170;313;313;375;1034;42;1874;1598;1494;321;253;1355;1126;176;97;155;1494;401;14948"
"""353140 MONTE APRAZIVEL"";2036;687;106;970;108;241;73;13;1087;1846;1433;141;270;1632;716;173;76;98;751;131;12588"
"""353150 MONTE AZUL PAULISTA"";535;569;82;203;33;82;168;11;665;1287;1049;121;273;1173;1424;69;59;138;535;270;8746"
"""353160 MONTE CASTELO"";183;161;41;24;29;21;15;4;248;254;194;30;29;108;83;21;11;15;79;24;1574"
"""353170 MONTEIRO LOBATO"";30;93;9;20;6;33;10;1;143;91;140;23;22;76;171;20;6;14;136;34;1078"
"""353180 MONTE MOR"";511;895;226;189;445;206;292;23;1256;1084;1588;167;215;949;2212;169;111;322;1362;1270;13492"
"""353190 MORRO AGUDO"";504;641;91;207;254;218;91;18;958;978;1005;211;505;952;1048;122;69;372;742;435;9421"
"""353200 MORUNGABA"";127;250;39;105;51;64;284;6;378;566;526;303;60;304;513;41;34;37;308;89;4085"
"""353205 MOTUCA"";49;87;6;28;31;33;119;3;193;84;136;13;30;84;82;8;11;33;90;23;1143"
"""353210 MURUTINGA DO SUL"";59;91;17;15;11;9;6;3;134;190;170;12;12;92;78;13;9;57;107;29;1114"
"""353215 NANTES"";105;96;24;55;32;16;67;3;151;157;134;50;38;138;116;19;9;27;93;30;1360"
"""353220 NARANDIBA"";196;157;10;31;187;28;94;4;233;130;219;36;43;187;275;70;7;52;159;47;2165"
"""353230 NATIVIDADE DA SERRA"";50;196;7;27;21;21;141;6;229;127;275;50;28;164;223;31;20;20;214;48;1898"
"""353240 NAZARE PAULISTA"";264;413;49;155;65;81;49;17;712;710;824;120;93;544;723;110;40;143;683;128;5923"
"""353250 NEVES PAULISTA"";229;293;14;129;31;102;56;8;468;272;440;74;82;371;296;56;28;33;392;63;3437"
"""353260 NHANDEARA"";313;346;24;126;30;52;72;11;426;1280;428;49;91;386;200;34;26;242;424;59;4619"
"""353270 NIPOA"";149;89;12;66;6;46;10;3;202;264;208;30;29;202;205;44;24;23;169;40;1821"
"""353280 NOVA ALIANCA"";227;252;20;77;35;95;34;5;396;304;303;49;73;285;278;67;35;35;329;80;2979"
"""353282 NOVA CAMPINA"";135;115;19;49;3;28;16;5;295;344;193;36;19;129;496;47;9;30;205;32;2205"
"""353284 NOVA CANAA PAULISTA"";29;86;23;26;5;21;13;2;137;64;135;8;17;76;53;5;15;27;69;14;825"
"""353286 NOVA CASTILHO"";25;16;1;8;2;4;2;-;58;50;38;6;6;23;30;3;1;11;31;11;326"
"""353290 NOVA EUROPA"";156;271;59;58;113;51;140;20;323;214;441;63;77;183;220;28;35;313;231;36;3032"
"""353300 NOVA GRANADA"";1619;662;151;772;112;168;96;83;1113;2547;1355;239;266;1639;910;203;51;81;807;104;12978"
"""353310 NOVA GUATAPORANGA"";79;60;11;18;44;12;17;3;106;88;94;8;25;69;36;13;4;9;45;5;746"
"""353320 NOVA INDEPENDENCIA"";32;73;19;18;9;21;3;2;125;123;137;14;10;102;130;18;5;34;78;64;1017"
"""353325 NOVAIS"";74;120;15;34;45;31;26;1;208;167;121;18;22;161;171;34;6;13;135;35;1437"
"""353330 NOVA LUZITANIA"";34;40;1;25;4;15;14;1;71;144;112;12;7;56;31;9;6;16;55;10;663"
"""353340 NOVA ODESSA"";343;1023;152;156;430;154;464;22;1181;1298;1860;260;191;1198;1419;201;83;159;1109;345;12048"
"""353350 NOVO HORIZONTE"";796;1109;209;259;217;261;161;16;1539;1609;2048;254;424;2034;1510;257;94;250;1363;224;14634"
"""353360 NUPORANGA"";46;142;8;37;37;58;16;4;235;173;211;12;59;191;326;26;11;40;144;22;1798"
"""353370 OCAUCU"";91;106;2;18;44;23;11;-;159;187;155;16;17;136;180;56;16;18;120;66;1421"
"""353380 OLEO"";65;91;17;14;43;14;5;-;137;84;126;15;21;85;94;20;6;10;100;19;966"
"""353390 OLIMPIA"";988;1517;188;246;241;272;180;24;1988;2571;1731;338;320;1591;1505;180;118;328;1352;248;15926"
"""353400 ONDA VERDE"";177;199;16;35;24;53;21;4;333;201;309;33;76;186;234;61;22;20;226;43;2273"
"""353410 ORIENTE"";104;193;6;45;88;16;12;2;211;180;200;23;45;132;140;29;16;34;128;72;1676"
"""353420 ORINDIUVA"";85;171;6;29;26;42;23;10;233;178;256;21;45;215;236;62;15;23;158;35;1869"
"""353430 ORLANDIA"";691;702;149;530;569;397;87;22;1415;1295;991;182;205;2000;2066;118;53;293;1448;80;13293"
"""353440 OSASCO"";7353;12514;1861;2363;1674;3284;3780;271;16007;12477;15116;3168;2361;12014;21732;6860;1329;3827;17198;5331;150520"
"""353450 OSCAR BRESSANE"";44;99;3;28;21;7;2;-;98;116;125;12;35;67;60;10;6;15;92;36;876"
"""353460 OSVALDO CRUZ"";801;653;240;300;365;229;28;15;1374;1154;1151;127;189;955;999;113;84;300;1440;218;10735"
"""353470 OURINHOS"";1430;3033;307;572;298;835;209;61;3950;2336;3773;494;532;2720;5248;1005;202;427;3553;1123;32108"
"""353475 OUROESTE"";412;306;68;102;84;116;50;20;535;592;667;129;188;539;392;48;42;72;312;15;4689"
"""353480 OURO VERDE"";133;226;35;89;71;25;58;8;371;347;337;24;45;215;308;49;10;56;176;81;2664"
"""353490 PACAEMBU"";191;264;22;49;151;18;9;6;282;196;408;48;44;121;286;25;13;48;312;43;2536"
"""353500 PALESTINA"";166;375;23;77;70;85;51;11;583;341;469;59;72;343;322;81;27;33;363;77;3628"
"""353510 PALMARES PAULISTA"";171;261;35;56;101;54;48;4;372;263;265;42;47;279;241;79;18;37;258;55;2686"
"""353520 PALMEIRA D'OESTE"";712;398;76;321;68;94;37;4;566;825;630;90;298;634;272;45;36;71;337;63;5577"
"""353530 PALMITAL"";464;500;158;711;270;79;15;9;1338;1073;957;113;88;853;941;89;39;90;704;316;8807"
"""353540 PANORAMA"";322;459;61;95;246;65;82;4;559;485;611;92;103;396;271;104;43;70;402;77;4547"
"""353550 PARAGUACU PAULISTA"";714;1059;212;389;658;249;973;14;1937;1943;1783;1291;468;1553;1979;214;96;442;1905;330;18209"
"""353560 PARAIBUNA"";171;516;34;101;35;168;143;15;725;453;800;200;76;312;658;58;63;80;480;142;5230"
"""353570 PARAISO"";99;173;8;41;36;49;26;1;200;187;166;29;48;142;121;30;18;17;128;39;1558"
"""353580 PARANAPANEMA"";305;513;295;86;89;73;54;16;650;801;652;135;102;488;1034;119;41;91;539;115;6198"
"""353590 PARANAPUA"";67;120;32;31;20;43;12;4;171;121;168;8;29;127;208;32;18;27;136;28;1402"
"""353600 PARAPUA"";272;348;12;77;205;87;7;2;287;347;316;33;60;239;300;36;17;27;279;129;3080"
"""353610 PARDINHO"";167;161;4;33;46;29;20;2;240;313;252;17;38;138;302;99;23;35;192;54;2165"
"""353620 PARIQUERA-ACU"";116;530;43;103;74;206;42;7;560;575;882;314;151;783;1183;134;49;204;574;229;6759"
"""353625 PARISI"";69;112;3;40;24;30;44;5;146;111;140;25;48;149;93;9;14;174;189;36;1461"
"""353630 PATROCINIO PAULISTA"";268;263;67;83;65;132;41;7;426;524;452;78;74;330;646;145;28;63;401;89;4182"
"""353640 PAULICEIA"";86;254;10;28;78;26;41;2;254;155;317;23;76;148;105;37;20;36;170;52;1918"
"""353650 PAULINIA"";1723;1914;207;468;773;374;237;74;2652;3361;3467;526;763;2892;3673;420;240;811;2070;580;27225"
"""353657 PAULISTANIA"";15;105;5;3;2;8;8;2;59;60;75;15;12;59;101;27;3;9;88;18;674"
"""353660 PAULO DE FARIA"";255;296;26;84;47;59;34;13;311;368;373;49;39;338;257;73;29;22;274;53;3000"
"""353670 PEDERNEIRAS"";514;1542;92;342;330;178;162;39;1808;1164;1633;524;284;1406;1799;367;79;251;1542;249;14305"
"""353680 PEDRA BELA"";87;214;23;17;33;13;27;6;328;219;286;52;31;172;265;33;20;63;248;94;2231"
"""353690 PEDRANOPOLIS"";43;106;7;17;8;26;14;2;148;65;104;17;22;88;71;15;1;21;93;13;881"
"""353700 PEDREGULHO"";315;278;54;135;49;91;56;9;414;540;474;124;168;494;612;123;40;154;401;125;4656"
"""353710 PEDREIRA"";464;830;147;158;665;157;221;14;1138;954;1471;351;246;571;1433;231;48;139;1120;326;10684"
"""353715 PEDRINHAS PAULISTA"";30;101;5;11;12;12;4;1;123;68;125;8;13;71;97;25;7;17;54;40;824"
"""353720 PEDRO DE TOLEDO"";52;176;26;31;11;56;22;5;252;188;477;99;68;257;471;115;18;60;283;135;2802"
"""353730 PENAPOLIS"";1320;1618;99;325;301;360;690;18;2051;2253;2625;422;660;1438;2630;342;89;111;2012;1012;20376"
"""353740 PEREIRA BARRETO"";558;527;182;93;45;213;67;6;526;893;906;168;766;772;657;76;37;227;424;142;7285"
"""353750 PEREIRAS"";145;234;25;46;63;39;26;4;240;295;229;17;20;171;329;81;13;33;230;44;2284"
"""353760 PERUIBE"";928;1189;354;270;203;178;131;14;1455;1028;2275;242;291;1196;3808;1328;154;381;1697;1057;18179"
"""353770 PIACATU"";57;127;20;35;4;33;13;3;144;153;172;10;20;81;131;25;9;20;138;27;1222"
"""353780 PIEDADE"";975;957;211;332;434;213;105;49;1458;2192;1807;404;232;1378;2488;320;80;211;2167;167;16180"
"""353790 PILAR DO SUL"";247;518;198;126;44;118;97;22;784;960;1010;474;129;567;1337;127;71;190;980;291;8290"
"""353800 PINDAMONHANGABA"";887;3442;210;455;459;354;1132;82;3791;3584;4160;734;632;3786;8392;1194;303;667;4128;1008;39400"
"""353810 PINDORAMA"";238;427;26;70;116;94;85;2;538;474;463;82;81;375;303;73;32;38;436;72;4025"
"""353820 PINHALZINHO"";159;334;27;54;71;39;71;15;653;392;633;68;76;412;465;72;41;106;533;189;4410"
"""353830 PIQUEROBI"";86;146;25;34;56;27;23;2;138;126;127;31;36;97;106;21;14;18;72;14;1199"
"""353850 PIQUETE"";126;332;24;73;15;30;116;4;427;264;388;96;62;345;399;39;20;137;299;38;3234"
"""353860 PIRACAIA"";325;550;135;148;118;99;36;17;895;986;932;157;102;689;857;94;61;114;840;348;7503"
"""353870 PIRACICABA"";2947;9965;958;1937;1245;1995;2898;223;10002;6561;10386;2604;2360;8048;14570;2161;575;1321;12306;1408;94470"
"""353880 PIRAJU"";888;859;189;271;227;205;73;27;1208;1355;1421;69;166;915;1115;233;74;301;1172;142;10910"
"""353890 PIRAJUI"";423;672;118;145;345;77;67;11;673;848;981;241;92;664;619;161;32;180;1025;384;7758"
"""353900 PIRANGI"";598;411;32;136;114;80;99;3;513;879;487;86;91;454;266;65;36;63;397;54;4864"
"""353910 PIRAPORA DO BOM JESUS"";177;234;43;36;24;52;128;7;353;445;491;97;51;338;848;132;53;85;519;181;4294"
"""353920 PIRAPOZINHO"";405;807;50;88;321;105;669;8;817;431;834;166;177;455;802;188;48;118;596;227;7312"
"""353930 PIRASSUNUNGA"";532;1585;275;296;278;220;595;16;1781;1823;1669;377;273;1446;2213;360;115;349;1583;349;16135"
"""353940 PIRATININGA"";153;553;59;78;100;46;52;9;508;433;611;148;84;548;437;141;30;122;817;112;5041"
"""353950 PITANGUEIRAS"";555;875;181;172;668;155;233;31;1248;1043;1110;230;265;922;1188;204;74;326;1000;391;10871"
"""353960 PLANALTO"";114;162;20;62;19;39;29;4;204;272;249;24;27;198;183;53;24;39;186;25;1933"
"""353970 PLATINA"";51;55;5;12;87;20;4;1;152;65;129;8;17;66;135;17;7;18;95;62;1006"
"""353980 POA"";751;1914;222;328;395;316;601;29;2213;1271;2429;361;372;1592;2903;272;170;351;1990;1062;19542"
"""353990 POLONI"";339;182;17;184;15;61;26;14;244;434;306;38;57;374;192;47;9;28;215;43;2825"
"""354000 POMPEIA"";335;527;151;253;199;79;70;21;637;526;657;183;134;493;387;86;43;82;415;240;5518"
"""354010 PONGAI"";37;131;13;15;17;39;21;-;124;129;135;14;18;75;88;7;11;16;117;16;1023"
"""354020 PONTAL"";624;875;150;211;291;190;1054;12;2471;1216;983;232;194;751;1083;188;72;575;1004;338;12514"
"""354025 PONTALINDA"";70;104;18;34;35;27;19;5;181;138;177;16;40;147;252;26;14;35;123;49;1510"
"""354030 PONTES GESTAL"";41;70;2;17;5;18;9;3;110;62;93;11;33;94;63;6;3;96;123;13;872"
"""354040 POPULINA"";212;172;15;77;18;32;30;4;178;291;227;44;40;194;73;11;3;34;137;12;1804"
"""354050 PORANGABA"";249;265;13;36;25;35;32;9;394;227;255;27;33;138;310;70;12;83;305;43;2561"
"""354060 PORTO FELIZ"";799;1072;153;262;146;237;1552;18;1923;1471;2177;764;236;1515;2036;154;108;225;1335;386;16569"
"""354070 PORTO FERREIRA"";721;1271;270;212;205;275;566;39;1278;1271;1413;192;363;1260;1966;223;115;368;1211;330;13549"
"""354075 POTIM"";331;366;71;93;20;42;251;21;710;587;601;157;78;438;872;122;33;72;553;136;5554"
"""354080 POTIRENDABA"";1052;531;43;244;87;171;70;32;726;1178;1088;183;154;1281;623;148;48;74;801;104;8638"
"""354085 PRACINHA"";75;39;10;8;57;7;3;2;75;82;73;3;19;55;74;11;7;12;62;22;696"
"""354090 PRADOPOLIS"";224;470;43;66;123;118;170;19;490;283;445;106;103;341;426;169;26;78;504;117;4321"
"""354100 PRAIA GRANDE"";2577;4907;570;613;2205;501;673;87;4232;4218;7387;1185;987;4141;13379;5075;633;922;4659;1590;60541"
"""354105 PRATANIA"";102;121;11;20;119;18;14;6;162;224;194;22;17;137;324;90;13;53;136;40;1823"
"""354110 PRESIDENTE ALVES"";58;131;20;14;20;26;18;3;127;182;179;36;15;109;117;44;7;28;189;15;1338"
"""354120 PRESIDENTE BERNARDES"";1085;426;86;936;126;205;305;2;693;996;783;108;133;783;276;73;22;82;334;86;7540"
"""354130 PRESIDENTE EPITACIO"";1134;1282;176;610;393;160;153;15;2375;1622;2043;199;241;1547;1676;139;54;366;1504;248;15937"
"""354140 PRESIDENTE PRUDENTE"";4477;7292;498;878;3481;1179;4292;141;6934;3882;6217;1220;1618;4246;7057;1741;385;1226;5659;1483;63906"
"""354150 PRESIDENTE VENCESLAU"";885;1109;236;344;796;140;150;22;1558;1339;1263;271;237;973;1009;144;44;196;975;144;11835"
"""354160 PROMISSAO"";532;1068;76;229;282;236;117;18;1203;1108;1815;243;276;1170;1250;138;112;178;1248;330;11629"
"""354165 QUADRA"";20;71;5;9;6;23;10;2;90;90;120;8;27;47;163;14;6;7;61;35;814"
"""354170 QUATA"";169;345;69;123;192;59;212;9;461;417;502;85;60;314;362;48;18;57;534;78;4114"
"""354180 QUEIROZ"";82;42;8;40;29;22;3;3;129;110;159;17;24;70;154;17;20;27;98;59;1113"
"""354190 QUELUZ"";187;275;47;52;83;17;50;4;324;423;297;57;47;297;412;55;10;38;235;43;2953"
"""354200 QUINTANA"";90;156;30;39;79;14;5;-;173;240;206;20;33;123;233;54;19;23;119;104;1760"
"""354210 RAFARD"";52;129;19;33;23;37;125;3;293;199;265;21;81;161;298;23;13;46;171;110;2102"
"""354220 RANCHARIA"";759;1197;170;500;625;224;224;34;1634;1655;1481;362;243;976;1055;158;58;181;1584;245;13365"
"""354230 REDENCAO DA SERRA"";45;94;48;13;4;27;120;2;139;106;182;17;48;116;210;25;11;17;175;20;1419"
"""354240 REGENTE FEIJO"";576;697;171;362;272;126;573;10;964;697;1056;189;132;887;608;158;36;131;514;140;8299"
"""354250 REGINOPOLIS"";88;243;22;25;38;27;30;5;206;288;293;80;33;247;183;64;10;51;354;61;2348"
"""354260 REGISTRO"";357;950;217;156;124;409;107;23;1385;1593;2318;759;367;1577;2868;270;119;270;2024;728;16621"
"""354270 RESTINGA"";107;144;21;26;22;52;19;3;239;203;277;42;44;173;324;54;18;33;198;54;2053"
"""354280 RIBEIRA"";41;25;9;30;8;7;4;-;104;147;96;51;10;53;132;15;5;8;74;40;859"
"""354290 RIBEIRAO BONITO"";161;284;40;169;24;105;137;8;364;403;381;52;120;299;435;33;26;196;297;57;3591"
"""354300 RIBEIRAO BRANCO"";175;243;125;114;20;40;29;12;483;718;518;121;43;434;1061;148;35;203;417;114;5053"
"""354310 RIBEIRAO CORRENTE"";55;114;10;16;10;27;13;1;150;171;203;18;29;108;208;32;21;26;127;41;1380"
"""354320 RIBEIRAO DO SUL"";57;122;10;12;24;32;8;3;170;91;184;16;24;103;218;46;8;11;168;52;1359"
"""354323 RIBEIRAO DOS INDIOS"";63;141;19;74;27;7;78;-;160;76;109;15;33;98;42;12;9;16;60;11;1050"
"""354325 RIBEIRAO GRANDE"";79;132;91;34;8;31;16;4;223;364;185;25;42;123;331;38;19;35;163;44;1987"
"""354330 RIBEIRAO PIRES"";1169;1698;148;326;380;341;1252;54;2732;1827;2391;520;483;1812;2571;241;215;248;2429;1116;21953"
"""354340 RIBEIRAO PRETO"";9446;20919;2284;2807;3540;4845;4639;593;18904;14044;18000;5000;4075;14750;19623;6275;1547;3464;20963;3167;178885"
"""354350 RIVERSUL"";53;149;6;13;18;17;8;2;153;83;136;17;16;71;255;33;22;11;141;48;1252"
"""354360 RIFAINA"";57;95;21;20;8;24;12;-;151;110;151;20;21;86;129;19;12;32;85;34;1087"
"""354370 RINCAO"";125;258;24;43;51;75;207;11;416;260;377;53;105;200;270;46;23;55;186;99;2884"
"""354380 RINOPOLIS"";289;281;68;136;51;31;13;1;383;441;362;57;79;347;326;44;17;59;307;115;3407"
"""354390 RIO CLARO"";2599;3581;225;703;305;511;1836;78;3914;3040;4106;684;816;2986;5458;754;228;330;4447;1150;37751"
"""354400 RIO DAS PEDRAS"";302;543;78;248;235;148;330;19;1091;924;884;550;183;975;863;121;54;216;924;139;8827"
"""354410 RIO GRANDE DA SERRA"";271;717;113;144;150;107;343;18;848;497;914;286;156;609;1243;168;82;93;1118;316;8193"
"""354420 RIOLANDIA"";215;217;53;98;30;43;46;10;254;256;293;46;81;369;308;49;28;139;283;57;2875"
"""354425 ROSANA"";813;554;111;188;570;403;667;28;1475;1216;1138;271;240;979;673;120;29;293;907;248;10923"
"""354430 ROSEIRA"";160;305;44;39;18;31;165;6;430;328;371;67;76;289;409;58;30;33;301;148;3308"
"""354440 RUBIACEA"";42;60;39;13;8;15;2;1;98;124;95;14;8;70;68;3;2;6;58;22;748"
"""354450 RUBINEIA"";115;182;29;46;22;46;36;7;313;155;248;27;36;181;172;17;8;60;131;30;1861"
"""354460 SABINO"";70;195;7;28;121;68;25;4;228;128;249;59;26;150;161;16;9;55;174;32;1805"
"""354470 SAGRES"";96;47;22;35;23;8;2;2;111;163;74;4;17;50;91;7;7;17;93;19;888"
"""354480 SALES"";176;170;16;58;54;54;77;5;361;269;254;34;56;210;191;48;17;30;219;49;2348"
"""354490 SALES OLIVEIRA"";181;323;27;62;119;101;41;6;414;270;417;44;88;297;365;35;23;74;228;36;3151"
"""354500 SALESOPOLIS"";234;340;56;92;70;130;162;8;619;562;711;89;72;382;694;71;32;198;877;151;5550"
"""354510 SALMOURAO"";108;131;56;68;50;30;5;4;192;240;208;17;29;149;187;18;8;48;190;60;1798"
"""354515 SALTINHO"";78;225;11;45;38;44;153;4;252;169;424;61;91;179;199;29;12;34;215;93;2356"
"""354520 SALTO"";772;1923;188;717;710;358;215;83;3097;2457;2822;949;340;2338;4485;643;179;1571;2486;1052;27385"
"""354530 SALTO DE PIRAPORA"";437;882;95;209;446;133;89;25;1409;1371;1496;476;171;1219;1620;192;52;122;1339;650;12433"
"""354540 SALTO GRANDE"";291;282;55;133;175;91;10;10;525;488;489;86;49;450;336;58;12;118;324;131;4113"
"""354550 SANDOVALINA"";132;185;7;24;120;23;94;6;200;93;202;31;22;184;129;27;10;30;111;29;1659"
"""354560 SANTA ADELIA"";449;529;66;105;123;64;72;2;709;742;521;69;86;431;252;79;23;42;408;93;4865"
"""354570 SANTA ALBERTINA"";161;295;36;53;31;49;38;4;354;247;318;28;56;269;246;38;18;50;209;58;2558"
"""354580 SANTA BARBARA D'OESTE"";1021;2371;704;410;445;362;2767;51;2785;2853;4414;577;523;2440;5387;754;229;509;2630;2730;33962"
"""354600 SANTA BRANCA"";181;514;21;41;22;85;30;5;446;331;506;69;73;249;502;111;32;70;389;46;3723"
"""354610 SANTA CLARA D'OESTE"";48;88;32;34;13;24;14;7;162;75;174;19;33;101;128;10;5;38;55;23;1083"
"""354620 SANTA CRUZ DA CONCEICAO"";51;129;10;52;10;14;69;2;137;88;197;47;42;117;124;17;6;22;104;34;1272"
"""354625 SANTA CRUZ DA ESPERANCA"";83;73;7;71;26;29;80;11;142;185;179;7;35;109;47;10;5;14;106;12;1231"
"""354630 SANTA CRUZ DAS PALMEIRAS"";354;437;130;237;232;114;113;17;614;1114;852;108;218;619;1123;125;67;278;748;259;7759"
"""354640 SANTA CRUZ DO RIO PARDO"";995;1461;223;289;311;397;34;26;2245;2057;2167;222;597;1798;1957;444;89;215;1668;514;17709"
"""354650 SANTA ERNESTINA"";84;131;10;28;24;55;34;2;170;180;180;24;92;145;158;17;27;57;115;40;1573"
"""354660 SANTA FE DO SUL"";798;1143;178;237;390;307;198;38;1761;1179;1757;295;306;1475;1421;192;105;436;949;206;13371"
"""354670 SANTA GERTRUDES"";221;489;21;45;24;58;210;16;543;434;678;84;113;411;873;100;36;56;458;191;5061"
"""354680 SANTA ISABEL"";652;884;184;296;166;380;157;18;1475;1342;1894;343;230;1223;2126;249;75;197;1820;682;14393"
"""354690 SANTA LUCIA"";70;161;26;27;36;41;147;-;222;121;203;24;37;86;208;33;10;67;138;47;1704"
"""354700 SANTA MARIA DA SERRA"";57;136;16;37;46;35;67;16;212;202;230;42;52;187;226;32;19;34;223;65;1934"
"""354710 SANTA MERCEDES"";87;91;5;14;21;16;16;3;122;105;132;6;21;85;113;20;4;11;59;24;955"
"""354720 SANTANA DA PONTE PENSA"";47;85;12;18;9;23;8;1;105;45;60;7;23;85;34;3;1;15;65;10;656"
"""354730 SANTANA DE PARNAIBA"";1182;2631;393;483;346;941;1380;67;3345;3843;4235;926;999;3339;6567;1061;446;1019;3806;1263;38272"
"""354740 SANTA RITA D'OESTE"";44;122;19;39;3;27;22;1;153;81;185;18;26;125;96;13;14;39;81;18;1126"
"""354750 SANTA RITA DO PASSA QUATRO"";489;794;119;124;281;236;152;12;901;867;848;156;147;814;641;78;36;172;796;114;7777"
"""354760 SANTA ROSA DE VITERBO"";529;796;91;208;315;253;838;24;1057;1068;1225;345;237;1133;628;155;34;243;842;131;10152"
"""354765 SANTA SALETE"";35;98;10;32;10;9;9;3;70;54;84;7;17;57;54;5;9;15;57;11;646"
"""354770 SANTO ANASTACIO"";1006;889;128;1167;399;179;337;36;1929;993;998;135;379;1219;758;126;42;153;842;118;11833"
"""354780 SANTO ANDRE"";8598;11711;2001;4277;3673;3933;4048;359;19775;16280;18891;4320;3727;12892;16308;1977;1151;3748;20180;4728;162577"
"""354790 SANTO ANTONIO DA ALEGRIA"";162;326;48;46;104;98;193;17;428;514;448;92;78;254;272;82;36;95;373;111;3777"
"""354800 SANTO ANTONIO DE POSSE"";185;364;67;42;187;97;137;10;595;421;702;96;91;309;921;111;45;84;526;167;5157"
"""354805 SANTO ANTONIO DO ARACANGUA"";61;177;15;27;-;49;15;2;206;189;323;31;17;122;174;35;9;46;171;59;1728"
"""354810 SANTO ANTONIO DO JARDIM"";91;117;5;27;174;43;31;7;254;209;254;32;49;153;199;30;21;41;207;74;2018"
"""354820 SANTO ANTONIO DO PINHAL"";49;214;13;18;56;21;130;5;233;163;254;18;30;169;290;40;26;32;268;46;2075"
"""354830 SANTO EXPEDITO"";161;143;16;22;112;30;125;1;157;99;145;31;36;109;89;20;4;22;83;32;1437"
"""354840 SANTOPOLIS DO AGUAPEI"";37;85;8;9;3;18;11;1;95;67;124;10;13;60;141;16;5;11;80;26;820"
"""354850 SANTOS"";3632;7724;623;1726;1267;1029;654;86;7729;6241;10532;1740;1162;6709;12529;2672;582;1002;8229;1802;77670"
"""354860 SAO BENTO DO SAPUCAI"";123;289;63;101;8;56;170;3;398;439;463;22;57;296;326;69;23;52;477;71;3506"
"""354870 SAO BERNARDO DO CAMPO"";9539;15019;1374;2496;3487;3485;2077;272;17714;11284;17005;3685;3711;22671;20114;3642;1386;3430;19855;7082;169328"
"""354880 SAO CAETANO DO SUL"";2830;4354;938;1061;1178;1071;537;131;6659;5871;8483;887;920;6280;2776;512;262;1046;4075;1592;51463"
"""354890 SAO CARLOS"";3385;6092;554;953;1110;1522;852;113;9045;6177;8286;1007;1365;5801;7563;941;507;3063;7322;1220;66878"
"""354900 SAO FRANCISCO"";63;109;10;23;11;31;16;1;129;114;161;19;36;94;90;19;12;25;94;22;1079"
"""354910 SAO JOAO DA BOA VISTA"";908;1751;134;337;1405;352;176;62;2595;2079;2751;286;585;1773;2902;246;121;426;2255;807;21951"
"""354920 SAO JOAO DAS DUAS PONTES"";132;88;4;42;17;28;22;3;122;171;135;14;23;127;110;21;9;34;83;14;1199"
"""354925 SAO JOAO DE IRACEMA"";36;55;5;16;9;8;10;-;88;47;85;9;30;52;82;9;5;15;57;12;630"
"""354930 SAO JOAO DO PAU D'ALHO"";87;127;20;9;8;3;12;1;151;104;85;15;18;56;34;8;4;10;40;12;804"
"""354940 SAO JOAQUIM DA BARRA"";420;935;159;261;183;714;106;14;1596;936;1040;121;310;1594;1841;162;87;320;1130;183;12112"
"""354950 SAO JOSE DA BELA VISTA"";108;115;12;31;15;25;29;3;227;183;243;43;61;160;278;45;14;21;199;74;1886"
"""354960 SAO JOSE DO BARREIRO"";45;84;5;9;15;10;47;7;120;121;113;16;13;66;158;19;6;21;118;16;1009"
"""354970 SAO JOSE DO RIO PARDO"";533;1263;302;334;295;490;94;25;2354;2129;3366;383;629;1257;1771;161;89;344;1825;421;18065"
"""354980 SAO JOSE DO RIO PRETO"";7358;13844;825;1723;3746;2990;1499;427;15881;12310;16712;2612;2983;15153;16952;3347;1319;1228;17914;5541;144364"
"""354990 SAO JOSE DOS CAMPOS"";6688;15229;1559;3001;3515;3923;2814;235;19159;13130;20365;2872;2802;13046;22200;2469;1383;2472;15228;4489;156579"
"""354995 SAO LOURENCO DA SERRA"";205;305;35;74;31;89;352;10;647;413;661;87;109;365;605;134;52;72;581;209;5036"
"""355000 SAO LUIS DO PARAITINGA"";118;314;51;161;40;24;226;7;353;327;369;43;57;314;456;48;20;37;343;58;3366"
"""355010 SAO MANUEL"";891;910;91;198;692;175;116;13;1362;1348;1337;146;109;902;1189;263;49;372;887;183;11233"
"""355020 SAO MIGUEL ARCANJO"";288;742;54;176;256;71;71;17;1100;1027;1403;244;99;928;1156;112;65;121;913;400;9243"
"""355030 SAO PAULO"";122059;211314;25944;34608;60365;56862;48114;5389;259760;232266;262894;49654;39775;187865;373142;65496;24596;41648;261537;96826;2460114"
"""355040 SAO PEDRO"";396;1210;85;286;336;245;991;85;1986;924;1835;434;363;1651;1626;138;76;260;1552;537;15016"
"""355050 SAO PEDRO DO TURVO"";53;150;13;35;51;59;9;1;237;134;284;17;33;164;369;70;13;17;239;51;1999"
"""355060 SAO ROQUE"";806;1279;230;488;207;242;110;27;1788;1732;2554;599;306;1580;2743;379;107;430;2570;991;19168"
"""355070 SAO SEBASTIAO"";3560;4484;260;722;57;832;795;41;3427;2004;3740;1547;831;3196;4887;576;232;363;2379;999;34932"
"""355080 SAO SEBASTIAO DA GRAMA"";169;322;71;56;186;50;37;17;441;585;478;177;125;366;305;27;39;95;535;119;4200"
"""355090 SAO SIMAO"";337;482;58;313;57;80;315;10;602;494;581;104;134;353;417;122;26;83;360;91;5019"
"""355100 SAO VICENTE"";4180;4428;906;1265;1676;779;2275;97;7514;4760;6252;1033;574;4191;15780;2441;476;902;6208;1416;67153"
"""355110 SARAPUI"";85;183;14;42;5;33;24;9;272;250;306;71;38;155;422;48;25;25;261;145;2413"
"""355120 SARUTAIA"";133;113;18;38;20;40;17;2;148;175;212;14;27;109;176;28;15;20;118;7;1430"
"""355130 SEBASTIANOPOLIS DO SUL"";50;101;5;33;14;23;19;2;105;242;131;9;30;105;62;10;6;65;107;10;1129"
"""355140 SERRA AZUL"";261;304;46;52;122;87;144;2;439;212;431;118;102;294;364;107;21;95;352;95;3648"
"""355150 SERRANA"";1312;1297;178;281;447;375;392;31;1560;1146;1481;387;275;1232;1961;512;101;253;2053;360;15634"
"""355160 SERRA NEGRA"";368;744;98;224;333;177;112;24;1104;906;1149;165;182;688;905;123;30;380;970;127;8809"
"""355170 SERTAOZINHO"";1226;2898;373;533;663;1010;645;63;3133;2263;3514;611;1628;2607;4108;688;238;1152;4584;567;32504"
"""355180 SETE BARRAS"";61;258;42;34;52;87;29;3;344;393;543;148;93;407;744;60;28;76;512;223;4137"
"""355190 SEVERINIA"";168;409;26;60;23;57;49;8;471;350;362;59;118;298;457;50;57;50;341;35;3448"
"""355200 SILVEIRAS"";85;266;10;36;46;24;85;3;296;259;262;41;40;177;319;36;25;30;131;27;2198"
"""355210 SOCORRO"";1004;3210;101;118;247;205;398;53;1959;1583;1846;186;406;1532;1320;128;82;859;1118;320;16675"
"""355220 SOROCABA"";3645;10691;1676;1529;1312;1938;1495;388;15062;13023;14729;2412;2608;12148;26126;4217;1285;2032;13915;2171;132402"
"""355230 SUD MENNUCCI"";111;149;76;40;21;39;7;4;167;436;317;27;42;200;268;36;5;60;122;24;2151"
"""355240 SUMARE"";1898;4259;504;600;722;942;1863;122;5341;3820;6446;917;920;3089;8849;1555;473;1102;5646;2566;51634"
"""355250 SUZANO"";1884;4537;377;720;814;896;1428;51;5062;3112;6241;783;938;4012;11701;1632;545;612;6412;2811;54568"
"""355255 SUZANAPOLIS"";47;85;11;12;25;9;2;2;103;164;105;9;23;63;57;8;1;43;66;31;866"
"""355260 TABAPUA"";983;370;56;170;97;66;84;9;578;963;530;105;133;676;254;56;24;48;398;64;5664"
"""355270 TABATINGA"";649;291;75;153;177;65;217;13;667;1223;583;234;118;510;571;35;32;59;523;111;6306"
"""355280 TABOAO DA SERRA"";2724;5652;781;917;1576;1638;1993;145;7298;6939;8766;1419;1250;4809;9533;1478;701;1315;7066;1488;67488"
"""355290 TACIBA"";159;284;34;72;128;31;126;11;353;254;359;66;48;222;268;85;13;45;177;69;2804"
"""355300 TAGUAI"";252;424;56;124;280;46;22;15;404;614;563;87;97;397;729;104;33;126;429;83;4885"
"""355310 TAIACU"";68;188;23;20;19;37;25;9;234;244;259;28;82;200;240;50;16;62;217;56;2077"
"""355320 TAIUVA"";80;230;15;52;32;45;31;7;193;174;231;24;79;191;158;35;19;52;190;67;1905"
"""355330 TAMBAU"";264;634;118;129;304;105;45;22;857;766;899;142;166;923;993;94;67;114;501;134;7277"
"""355340 TANABI"";2162;728;65;569;180;232;99;26;1309;1689;1209;130;162;1392;822;217;42;69;887;168;12157"
"""355350 TAPIRAI"";30;131;14;20;25;19;8;4;192;122;202;26;16;103;315;41;26;12;218;89;1613"
"""355360 TAPIRATIBA"";283;227;55;51;141;45;22;12;455;501;504;84;102;346;371;42;33;51;392;119;3836"
"""355365 TAQUARAL"";23;97;10;14;5;29;25;4;90;86;115;9;84;80;67;13;13;28;100;17;909"
"""355370 TAQUARITINGA"";1277;1230;192;477;379;632;114;58;1908;2143;2143;604;1749;1829;2328;299;102;941;1638;622;20665"
"""355380 TAQUARITUBA"";509;566;141;311;374;200;47;22;876;1260;1049;347;152;1018;1225;140;49;479;1102;293;10160"
"""355385 TAQUARIVAI"";70;112;13;25;15;22;3;4;168;154;151;50;13;76;281;39;20;23;139;38;1416"
"""355390 TARABAI"";298;263;25;51;310;51;230;7;320;163;373;61;68;287;290;63;20;63;204;52;3199"
"""355395 TARUMA"";210;281;44;46;230;39;45;2;595;312;619;43;63;244;656;80;38;78;329;216;4170"
"""355400 TATUI"";691;2214;173;299;796;272;260;48;2591;2463;3534;350;454;1642;6141;664;206;270;2272;722;26062"
"""355410 TAUBATE"";2659;7256;875;673;581;824;3673;137;6840;5055;8263;820;1270;5182;11289;1128;499;846;8298;1057;67225"
"""355420 TEJUPA"";125;103;23;33;41;39;14;7;184;204;184;10;12;122;225;48;8;22;112;18;1534"
"""355430 TEODORO SAMPAIO"";591;633;156;387;324;147;351;24;1131;1183;1229;247;251;954;891;179;36;261;813;269;10057"
"""355440 TERRA ROXA"";161;283;28;39;29;34;36;5;267;349;296;30;128;238;189;34;35;60;233;46;2520"
"""355450 TIETE"";362;735;135;349;35;217;48;14;902;1049;1143;156;530;658;1857;239;70;245;836;172;9752"
"""355460 TIMBURI"";84;68;14;22;87;24;2;-;162;127;120;12;18;92;127;30;-;6;91;26;1112"
"""355465 TORRE DE PEDRA"";96;107;5;25;20;21;8;2;143;111;75;7;9;57;86;24;4;26;96;21;943"
"""355470 TORRINHA"";76;515;35;55;27;40;12;4;291;369;356;54;44;164;275;36;24;84;293;63;2817"
"""355475 TRABIJU"";15;48;6;8;5;24;54;1;66;36;98;12;12;37;55;6;9;20;56;13;581"
"""355480 TREMEMBE"";259;901;78;99;70;159;660;8;961;633;1197;134;167;784;1565;154;63;159;989;147;9187"
"""355490 TRES FRONTEIRAS"";135;190;17;50;51;46;33;8;354;199;348;34;80;277;276;28;18;77;223;69;2513"
"""355495 TUIUTI"";54;144;9;19;26;36;24;2;262;149;256;23;45;182;181;28;14;33;193;105;1785"
"""355500 TUPA"";2130;1882;160;524;995;427;62;21;2917;2262;2166;476;590;1626;2490;229;110;428;2057;899;22451"
"""355510 TUPI PAULISTA"";665;605;160;98;109;64;61;12;695;756;660;98;63;484;345;67;38;84;318;40;5422"
"""355520 TURIUBA"";24;42;16;11;-;10;10;4;44;85;86;7;7;27;33;6;2;14;54;26;508"
"""355530 TURMALINA"";37;107;13;11;5;31;19;1;123;58;96;11;18;77;53;13;5;22;63;9;772"
"""355535 UBARANA"";201;220;14;66;22;72;31;6;280;290;300;36;57;240;322;90;27;42;203;63;2582"
"""355540 UBATUBA"";1243;3772;391;525;1159;372;1334;46;3895;2832;4748;1639;762;3156;5211;413;224;331;4663;634;37350"
"""355550 UBIRAJARA"";58;151;9;22;54;16;7;2;125;156;158;13;20;110;206;46;10;23;131;69;1386"
"""355560 UCHOA"";216;379;19;74;36;103;37;9;416;276;490;52;73;359;302;72;45;23;370;42;3393"
"""355570 UNIAO PAULISTA"";62;49;10;52;3;27;8;2;96;116;141;16;10;114;87;22;7;12;68;13;915"
"""355580 URANIA"";321;356;50;185;155;87;40;10;469;603;483;79;111;604;360;44;46;59;353;67;4482"
"""355590 URU"";20;89;7;14;7;20;6;-;50;75;62;13;11;36;27;7;1;9;38;8;500"
"""355600 URUPES"";563;572;66;308;112;89;101;10;647;879;653;152;97;609;368;89;49;59;404;95;5922"
"""355610 VALENTIM GENTIL"";233;356;40;58;65;83;71;18;492;385;549;54;137;479;492;86;33;451;677;91;4850"
"""355620 VALINHOS"";1542;1827;275;355;258;345;285;30;2845;1940;2923;475;430;1781;2911;323;133;338;3110;258;22384"
"""355630 VALPARAISO"";314;418;88;95;56;117;25;7;472;946;678;83;51;528;891;122;27;75;531;253;5777"
"""355635 VARGEM"";97;179;14;27;18;46;27;7;402;223;348;49;38;184;420;53;30;43;234;155;2594"
"""355640 VARGEM GRANDE DO SUL"";526;1314;142;495;391;210;101;63;1676;1771;2015;485;379;1745;1742;136;109;189;897;1419;15805"
"""355645 VARGEM GRANDE PAULISTA"";473;794;142;218;121;246;661;21;1483;1065;1696;339;184;918;2219;265;110;393;1503;729;13580"
"""355650 VARZEA PAULISTA"";594;1086;161;211;771;277;1220;18;1804;1583;2144;1601;239;1367;2515;434;123;455;1896;362;18861"
"""355660 VERA CRUZ"";192;280;5;91;143;35;12;6;325;380;346;60;49;271;290;60;29;46;240;103;2963"
"""355670 VINHEDO"";1102;1648;270;232;261;385;148;34;1979;1890;2959;1117;590;2931;2224;306;159;772;1610;1874;22491"
"""355680 VIRADOURO"";353;460;111;82;85;94;80;12;537;800;729;115;153;680;498;96;66;111;508;85;5655"
"""355690 VISTA ALEGRE DO ALTO"";73;208;12;42;18;36;25;5;224;244;331;23;99;211;336;78;13;75;261;50;2364"
"""355695 VITORIA BRASIL"";43;47;9;23;25;13;13;3;82;76;70;5;14;59;87;12;6;11;79;23;700"
"""355700 VOTORANTIM"";1119;1920;200;328;391;294;996;30;2585;2206;3153;396;357;2640;4531;555;189;204;2725;1207;26026"
"""355710 VOTUPORANGA"";1363;2253;183;491;591;500;358;93;3523;2047;2726;347;830;3269;2918;488;187;2284;3869;571;28891"
"""355715 ZACARIAS"";97;127;15;37;5;31;17;2;139;123;172;24;37;134;90;19;7;19;109;21;1225"
"""355720 CHAVANTES"";672;267;96;626;284;108;16;7;1007;822;636;54;79;609;547;113;25;35;357;69;6429"
"""355730 ESTIVA GERBI"";156;197;14;27;154;51;61;3;248;161;338;52;81;162;410;92;23;42;324;75;2671"
"""Total"";545630;915242;111820;189231;254197;212448;256504;22525;1190419;1032109;1241359;248836;209017;911476;1543928;266962;89426;223504;1146438;351852;10962923"
&
